Time(ms),Temp(C),Humidity(%),RainAnalog,RainDigital,SNR1,SNR2,SNR3,SNR4,SNR5,SNR6,SNR7,SNR8,SNR9,SNR10,SNR11,SNR12,SNR13,SNR14,SNR15
2088,21.80,92.00,46,1,31,27,28,27,32,27,28,0,0,0,0,0,0,0,0
4080,21.90,92.90,45,1,27,27,28,27,32,27,27,0,0,0,0,0,0,0,0
6074,22.00,92.00,40,1,27,27,27,27,32,27,27,0,0,0,0,0,0,0,0
8074,22.10,91.60,30,1,27,27,27,27,31,26,26,26,0,0,0,0,0,0,0
10077,21.90,92.00,31,1,3,26,26,26,31,25,26,26,0,0,0,0,0,0,0
12076,22.00,92.00,28,1,31,26,26,26,31,26,26,26,0,0,0,0,0,0,0
14071,21.80,92.00,32,1,31,26,26,26,30,26,27,0,0,0,0,0,0,0,0
16074,21.90,92.00,25,1,41,41,35,41,37,35,41,0,0,0,0,0,0,0,0
18075,22.00,92.20,31,1,39,38,38,34,36,36,39,38,0,0,0,0,0,0,0
20076,22.00,92.00,31,1,38,36,38,38,40,38,39,40,40,0,0,0,0,0,0
22072,22.00,92.00,32,1,35,34,41,35,34,38,0,0,0,0,0,0,0,0,0
24076,22.00,92.20,40,1,38,39,41,40,36,42,38,40,0,0,0,0,0,0,0
26075,22.00,92.60,33,1,39,38,39,40,37,42,38,40,0,0,0,0,0,0,0
28075,22.00,92.60,36,1,40,38,39,40,40,39,41,40,0,0,0,0,0,0,0
2072,21.90,82.90,45,1,42,44,42,44,44,41,40,45,0,0,0,0,0,0,0
4072,22.00,91.70,35,1,41,41,42,39,42,42,42,41,0,0,0,0,0,0,0
6072,22.00,91.70,41,1,44,41,43,38,43,42,44,41,0,0,0,0,0,0,0
8072,21.90,91.20,34,1,46,44,44,39,42,44,43,44,0,0,0,0,0,0,0
10072,22.00,92.00,41,1,39,43,40,44,44,40,42,41,0,0,0,0,0,0,0
12072,22.00,91.50,32,1,43,44,41,42,41,45,42,45,0,0,0,0,0,0,0
14072,21.80,91.50,41,1,41,45,45,44,43,43,41,43,0,0,0,0,0,0,0
2142,21.80,91.20,37,1,44,46,44,42,44,42,44,0,0,0,0,0,0,0,0
4139,22.00,91.70,34,1,42,41,41,44,0,0,0,0,0,0,0,0,0,0,0
6136,22.00,91.70,34,1,39,42,45,0,0,0,0,0,0,0,0,0,0,0,0
8137,21.90,92.00,32,1,40,42,45,47,0,0,0,0,0,0,0,0,0,0,0
10139,22.10,91.90,32,1,43,41,40,44,0,0,0,0,0,0,0,0,0,0,0
12140,22.10,91.40,39,1,39,42,40,43,0,0,0,0,0,0,0,0,0,0,0
14137,22.10,91.40,32,1,44,41,45,0,0,0,0,0,0,0,0,0,0,0,0
16137,22.00,91.50,32,1,42,42,46,43,0,0,0,0,0,0,0,0,0,0,0
18142,21.90,91.50,33,1,43,41,43,46,0,0,0,0,0,0,0,0,0,0,0
20139,22.00,91.20,35,1,41,39,46,44,0,0,0,0,0,0,0,0,0,0,0
22138,22.00,91.50,37,1,4,42,41,41,44,0,0,0,0,0,0,0,0,0,0
24137,21.90,91.70,40,1,41,41,41,40,43,0,0,0,0,0,0,0,0,0,0
26139,21.90,91.20,30,1,43,43,47,48,0,0,0,0,0,0,0,0,0,0,0
28139,21.90,91.20,32,1,41,44,40,0,0,0,0,0,0,0,0,0,0,0,0
30138,21.90,91.00,32,1,8,41,40,40,40,0,0,0,0,0,0,0,0,0,0
32138,22.10,91.40,39,1,4,44,41,42,39,0,0,0,0,0,0,0,0,0,0
34114,22.10,91.10,38,1,4,41,40,40,0,0,0,0,0,0,0,0,0,0,0
36130,22.10,91.10,32,1,39,44,41,0,0,0,0,0,0,0,0,0,0,0,0
38139,22.00,91.50,33,1,45,45,43,39,44,41,0,0,0,0,0,0,0,0,0
40140,22.00,91.50,38,1,45,13,19,44,40,44,0,0,0,0,0,0,0,0,0
42078,22.00,91.50,41,1,40,37,38,43,0,0,0,0,0,0,0,0,0,0,0
44138,22.00,91.50,40,1,40,40,39,41,45,0,0,0,0,0,0,0,0,0,0
46125,22.00,91.50,31,1,43,21,43,39,41,0,0,0,0,0,0,0,0,0,0
48139,22.00,91.50,31,1,40,12,44,41,43,41,0,0,0,0,0,0,0,0,0
50139,22.10,91.10,38,1,4,41,40,40,37,0,0,0,0,0,0,0,0,0,0
52077,22.10,91.40,33,1,40,43,42,39,40,40,0,0,0,0,0,0,0,0,0
54128,22.00,91.20,32,1,41,43,44,39,40,39,0,0,0,0,0,0,0,0,0
56089,22.00,91.50,32,1,42,21,39,38,39,38,40,0,0,0,0,0,0,0,0
58071,22.00,91.20,31,1,42,41,44,40,41,0,0,0,0,0,0,0,0,0,0
60077,22.00,91.00,40,1,36,39,44,41,40,0,0,0,0,0,0,0,0,0,0
62067,22.00,91.20,34,1,41,42,0,0,0,0,0,0,0,0,0,0,0,0,0
64070,22.00,91.20,37,1,36,38,32,33,0,0,0,0,0,0,0,0,0,0,0
66067,22.10,90.90,43,1,0,0,0,0,0,0,0,0,0,0,0,0,0,0,0
68066,22.00,91.70,45,1,0,0,0,0,0,0,0,0,0,0,0,0,0,0,0
70068,21.80,91.50,30,1,27,0,0,0,0,0,0,0,0,0,0,0,0,0,0
72070,22.00,91.50,39,1,25,25,26,0,0,0,0,0,0,0,0,0,0,0,0
74071,22.00,91.50,30,1,24,27,24,27,0,0,0,0,0,0,0,0,0,0,0
76069,22.00,91.00,39,1,24,26,24,25,0,0,0,0,0,0,0,0,0,0,0
78070,22.10,90.90,30,1,24,24,24,24,0,0,0,0,0,0,0,0,0,0,0
80069,22.00,91.20,40,1,23,23,23,23,0,0,0,0,0,0,0,0,0,0,0
82070,22.00,91.00,41,1,23,23,24,23,0,0,0,0,0,0,0,0,0,0,0
84071,22.00,91.20,40,1,23,23,23,23,0,0,0,0,0,0,0,0,0,0,0
86073,22.10,91.40,46,1,23,23,23,23,23,23,0,0,0,0,0,0,0,0,0
88073,22.00,91.20,39,1,24,24,24,24,24,24,0,0,0,0,0,0,0,0,0
90074,22.00,91.20,39,1,24,24,23,23,24,23,0,0,0,0,0,0,0,0,0
92072,22.10,91.10,50,1,23,24,23,24,23,24,0,0,0,0,0,0,0,0,0
94074,22.00,91.20,48,1,24,24,24,24,25,25,24,24,0,0,0,0,0,0,0
96076,22.00,91.00,39,1,24,24,24,24,24,24,24,24,0,0,0,0,0,0,0
98078,22.00,91.20,35,1,24,27,25,27,29,31,30,30,0,0,0,0,0,0,0
100078,22.00,91.20,37,1,26,25,26,25,32,35,32,32,0,0,0,0,0,0,0
102078,22.00,91.00,32,1,26,27,28,30,25,25,25,27,0,0,0,0,0,0,0
104078,22.10,91.40,30,1,24,25,25,26,25,25,25,26,0,0,0,0,0,0,0
106078,22.00,91.00,25,1,25,25,25,26,26,25,26,26,0,0,0,0,0,0,0
108078,22.10,91.40,32,1,26,25,26,26,26,26,26,26,0,0,0,0,0,0,0
110077,22.00,91.20,40,1,26,25,26,26,26,27,26,26,0,0,0,0,0,0,0
112077,22.10,90.90,33,1,25,25,26,26,25,26,26,25,0,0,0,0,0,0,0
114078,22.10,90.90,29,1,25,26,26,25,26,27,25,26,0,0,0,0,0,0,0
116078,22.10,90.90,39,1,25,27,26,25,25,26,26,25,0,0,0,0,0,0,0
118078,22.30,91.00,34,1,29,26,26,25,27,25,25,25,0,0,0,0,0,0,0
120078,22.00,91.00,25,1,26,25,26,25,25,24,26,25,0,0,0,0,0,0,0
122078,22.10,90.90,33,1,25,25,26,25,25,25,25,25,0,0,0,0,0,0,0
124078,22.10,91.10,34,1,25,25,25,25,26,26,26,26,0,0,0,0,0,0,0
126077,22.00,91.00,34,1,25,25,26,27,26,26,26,26,0,0,0,0,0,0,0
128077,22.00,91.00,39,1,25,25,25,25,25,25,25,25,0,0,0,0,0,0,0
130078,22.00,91.00,34,1,25,24,25,25,24,24,25,24,0,0,0,0,0,0,0
132078,21.80,91.00,41,1,24,24,25,24,24,24,25,24,0,0,0,0,0,0,0
134078,22.00,90.70,42,1,25,24,25,24,25,25,25,29,0,0,0,0,0,0,0
136078,22.00,91.00,41,1,25,26,26,25,25,26,26,25,0,0,0,0,0,0,0
138078,22.10,91.10,35,1,25,26,26,25,25,26,25,25,0,0,0,0,0,0,0
140078,22.00,91.00,24,1,25,26,25,25,25,26,26,25,0,0,0,0,0,0,0
142077,22.10,91.40,28,1,25,25,26,25,25,25,26,25,0,0,0,0,0,0,0
144077,22.00,91.00,25,1,25,28,26,25,25,25,25,25,0,0,0,0,0,0,0
146078,22.10,91.40,31,1,25,25,25,25,26,25,25,25,0,0,0,0,0,0,0
148078,22.00,91.00,39,1,26,26,26,25,26,26,26,25,0,0,0,0,0,0,0
150078,22.10,91.10,32,1,26,25,25,25,26,25,25,26,0,0,0,0,0,0,0
152078,22.00,91.00,33,1,26,26,26,26,25,25,25,25,0,0,0,0,0,0,0
154078,22.10,91.10,23,1,25,25,25,25,25,24,26,25,0,0,0,0,0,0,0
156078,22.00,91.00,38,1,26,26,26,26,26,26,26,26,0,0,0,0,0,0,0
158077,22.00,91.20,41,1,25,26,26,26,26,26,27,27,0,0,0,0,0,0,0
160077,22.10,90.90,34,1,26,26,26,27,26,26,26,27,0,0,0,0,0,0,0
162078,22.00,91.00,38,1,26,26,27,26,27,26,27,27,0,0,0,0,0,0,0
164078,22.00,91.20,34,1,27,27,29,31,27,27,30,27,0,0,0,0,0,0,0
166078,22.00,91.50,40,1,27,27,30,27,27,27,28,27,0,0,0,0,0,0,0
2154,24.50,83.60,17,1,0,0,0,0,0,0,0,0,0,0,0,0,0,0,0
4115,24.50,91.60,14,1,0,0,0,0,0,0,0,0,0,0,0,0,0,0,0
6110,24.50,91.20,16,1,0,0,0,0,0,0,0,0,0,0,0,0,0,0,0
8101,24.50,91.60,14,1,0,0,0,0,0,0,0,0,0,0,0,0,0,0,0
10104,24.50,91.60,13,1,0,0,0,0,0,0,0,0,0,0,0,0,0,0,0
12163,24.40,91.20,10,1,29,0,0,0,0,0,0,0,0,0,0,0,0,0,0
14162,24.50,91.60,15,1,26,24,0,0,0,0,0,0,0,0,0,0,0,0,0
16145,24.40,91.20,16,1,24,24,0,0,0,0,0,0,0,0,0,0,0,0,0
18141,24.50,91.60,13,1,24,24,24,0,0,0,0,0,0,0,0,0,0,0,0
20167,24.50,91.60,12,1,29,24,0,0,0,0,0,0,0,0,0,0,0,0,0
22134,24.50,91.60,16,1,24,25,0,0,0,0,0,0,0,0,0,0,0,0,0
24153,24.50,91.60,14,1,27,24,28,0,0,0,0,0,0,0,0,0,0,0,0
26145,24.50,91.60,13,1,6,24,24,0,0,0,0,0,0,0,0,0,0,0,0
28154,24.40,91.60,18,1,24,24,24,0,0,0,0,0,0,0,0,0,0,0,0
30155,24.40,91.60,14,1,29,25,26,29,0,0,0,0,0,0,0,0,0,0,0
32148,24.40,91.60,18,1,23,24,24,24,24,0,0,0,0,0,0,0,0,0,0
2069,24.10,83.00,23,1,34,34,34,32,0,0,0,0,0,0,0,0,0,0,0
4074,24.20,91.70,17,1,29,29,29,28,27,26,26,25,0,0,0,0,0,0,0
6074,24.10,91.70,19,1,25,24,25,28,24,24,24,28,0,0,0,0,0,0,0
8074,24.20,92.00,17,1,24,24,23,28,23,23,23,28,0,0,0,0,0,0,0
10073,24.20,92.00,19,1,23,23,22,22,23,22,0,0,0,0,0,0,0,0,0
12072,24.20,92.30,14,1,22,23,22,22,22,22,0,0,0,0,0,0,0,0,0
14072,24.20,92.00,17,1,22,22,22,22,22,28,0,0,0,0,0,0,0,0,0
16072,24.20,92.00,13,1,22,23,28,22,22,28,0,0,0,0,0,0,0,0,0
18073,24.20,92.00,17,1,22,22,28,22,22,28,0,0,0,0,0,0,0,0,0
20073,24.20,92.00,19,1,25,22,28,22,22,27,0,0,0,0,0,0,0,0,0
2074,24.20,92.30,18,1,22,23,28,22,22,0,0,0,0,0,0,0,0,0,0
4074,24.20,92.30,16,1,28,22,22,27,22,23,0,0,0,0,0,0,0,0,0
6073,24.20,92.30,13,1,28,23,22,28,22,22,28,0,0,0,0,0,0,0,0
2162,24.00,83.80,18,1,27,0,0,0,0,0,0,0,0,0,0,0,0,0,0
4164,24.10,92.30,16,1,26,0,0,0,0,0,0,0,0,0,0,0,0,0,0
6166,24.10,92.70,19,1,24,25,0,0,0,0,0,0,0,0,0,0,0,0,0
8164,24.10,92.30,19,1,34,37,35,0,0,0,0,0,0,0,0,0,0,0,0
10170,24.10,92.30,19,1,26,26,30,30,0,0,0,0,0,0,0,0,0,0,0
12166,24.10,92.70,28,1,25,32,26,0,0,0,0,0,0,0,0,0,0,0,0
14168,24.20,92.70,48,1,29,28,29,0,0,0,0,0,0,0,0,0,0,0,0
16167,24.10,92.70,59,1,25,25,31,0,0,0,0,0,0,0,0,0,0,0,0
18167,24.20,92.70,30,1,22,27,0,0,0,0,0,0,0,0,0,0,0,0,0
20170,24.10,92.70,25,1,26,22,23,22,0,0,0,0,0,0,0,0,0,0,0
22168,24.20,93.00,33,1,24,0,0,0,0,0,0,0,0,0,0,0,0,0,0
24158,24.10,92.70,21,1,7,22,0,0,0,0,0,0,0,0,0,0,0,0,0
26167,24.20,93.00,36,1,30,30,29,25,0,0,0,0,0,0,0,0,0,0,0
28169,24.10,93.00,36,1,27,25,27,26,0,0,0,0,0,0,0,0,0,0,0
30171,24.10,93.00,38,1,20,20,20,19,0,0,0,0,0,0,0,0,0,0,0
32066,nan,nan,42,1,20,1,18,25,0,0,0,0,0,0,0,0,0,0,0
34065,nan,nan,31,1,21,21,0,0,0,0,0,0,0,0,0,0,0,0,0
36066,nan,nan,32,1,26,0,0,0,0,0,0,0,0,0,0,0,0,0,0
38064,nan,nan,30,1,29,9,0,0,0,0,0,0,0,0,0,0,0,0,0
40062,nan,nan,36,1,0,0,0,0,0,0,0,0,0,0,0,0,0,0,0
42062,nan,nan,32,1,0,0,0,0,0,0,0,0,0,0,0,0,0,0,0
44062,nan,nan,40,1,0,0,0,0,0,0,0,0,0,0,0,0,0,0,0
46062,nan,nan,35,1,0,0,0,0,0,0,0,0,0,0,0,0,0,0,0
48062,nan,nan,32,1,0,0,0,0,0,0,0,0,0,0,0,0,0,0,0
50063,nan,nan,37,1,0,0,0,0,0,0,0,0,0,0,0,0,0,0,0
52063,nan,nan,34,1,0,0,0,0,0,0,0,0,0,0,0,0,0,0,0
54063,nan,nan,37,1,0,0,0,0,0,0,0,0,0,0,0,0,0,0,0
56062,nan,nan,39,1,0,0,0,0,0,0,0,0,0,0,0,0,0,0,0
58062,nan,nan,38,1,0,0,0,0,0,0,0,0,0,0,0,0,0,0,0
60062,nan,nan,40,1,0,0,0,0,0,0,0,0,0,0,0,0,0,0,0
62062,nan,nan,39,1,0,0,0,0,0,0,0,0,0,0,0,0,0,0,0
64062,nan,nan,33,1,0,0,0,0,0,0,0,0,0,0,0,0,0,0,0
66063,nan,nan,36,1,0,0,0,0,0,0,0,0,0,0,0,0,0,0,0
68063,nan,nan,36,1,0,0,0,0,0,0,0,0,0,0,0,0,0,0,0
70063,nan,nan,41,1,0,0,0,0,0,0,0,0,0,0,0,0,0,0,0
72062,nan,nan,36,1,0,0,0,0,0,0,0,0,0,0,0,0,0,0,0
74062,nan,nan,35,1,0,0,0,0,0,0,0,0,0,0,0,0,0,0,0
76062,nan,nan,36,1,0,0,0,0,0,0,0,0,0,0,0,0,0,0,0
78062,nan,nan,36,1,0,0,0,0,0,0,0,0,0,0,0,0,0,0,0
80062,nan,nan,37,1,0,0,0,0,0,0,0,0,0,0,0,0,0,0,0
82063,nan,nan,34,1,0,0,0,0,0,0,0,0,0,0,0,0,0,0,0
84063,nan,nan,40,1,0,0,0,0,0,0,0,0,0,0,0,0,0,0,0
86063,nan,nan,35,1,0,0,0,0,0,0,0,0,0,0,0,0,0,0,0
88062,nan,nan,32,1,0,0,0,0,0,0,0,0,0,0,0,0,0,0,0
90062,nan,nan,40,1,0,0,0,0,0,0,0,0,0,0,0,0,0,0,0
92154,nan,nan,37,1,0,0,0,0,0,0,0,0,0,0,0,0,0,0,0
94154,nan,nan,42,1,0,0,0,0,0,0,0,0,0,0,0,0,0,0,0
96156,nan,nan,42,1,0,0,0,0,0,0,0,0,0,0,0,0,0,0,0
98144,nan,nan,37,1,0,0,0,0,0,0,0,0,0,0,0,0,0,0,0
100120,nan,nan,38,1,0,0,0,0,0,0,0,0,0,0,0,0,0,0,0
102095,nan,nan,34,1,0,0,0,0,0,0,0,0,0,0,0,0,0,0,0
104072,nan,nan,42,1,0,0,0,0,0,0,0,0,0,0,0,0,0,0,0
106065,nan,nan,30,1,0,0,0,0,0,0,0,0,0,0,0,0,0,0,0
108064,nan,nan,36,1,0,0,0,0,0,0,0,0,0,0,0,0,0,0,0
110064,nan,nan,41,1,0,0,0,0,0,0,0,0,0,0,0,0,0,0,0
112063,nan,nan,32,1,0,0,0,0,0,0,0,0,0,0,0,0,0,0,0
114064,nan,nan,40,1,0,0,0,0,0,0,0,0,0,0,0,0,0,0,0
116064,nan,nan,36,1,0,0,0,0,0,0,0,0,0,0,0,0,0,0,0
118064,nan,nan,42,1,0,0,0,0,0,0,0,0,0,0,0,0,0,0,0
120064,nan,nan,35,1,0,0,0,0,0,0,0,0,0,0,0,0,0,0,0
122063,nan,nan,37,1,0,0,0,0,0,0,0,0,0,0,0,0,0,0,0
124063,nan,nan,34,1,0,0,0,0,0,0,0,0,0,0,0,0,0,0,0
126063,nan,nan,36,1,0,0,0,0,0,0,0,0,0,0,0,0,0,0,0
128063,nan,nan,37,1,0,0,0,0,0,0,0,0,0,0,0,0,0,0,0
130064,nan,nan,40,1,0,0,0,0,0,0,0,0,0,0,0,0,0,0,0
132064,nan,nan,42,1,0,0,0,0,0,0,0,0,0,0,0,0,0,0,0
134064,nan,nan,30,1,0,0,0,0,0,0,0,0,0,0,0,0,0,0,0
136064,nan,nan,35,1,0,0,0,0,0,0,0,0,0,0,0,0,0,0,0
138063,nan,nan,41,1,0,0,0,0,0,0,0,0,0,0,0,0,0,0,0
140063,nan,nan,35,1,0,0,0,0,0,0,0,0,0,0,0,0,0,0,0
142063,nan,nan,37,1,0,0,0,0,0,0,0,0,0,0,0,0,0,0,0
144063,nan,nan,38,1,0,0,0,0,0,0,0,0,0,0,0,0,0,0,0
146064,nan,nan,38,1,0,0,0,0,0,0,0,0,0,0,0,0,0,0,0
148064,nan,nan,34,1,0,0,0,0,0,0,0,0,0,0,0,0,0,0,0
150064,nan,nan,33,1,0,0,0,0,0,0,0,0,0,0,0,0,0,0,0
152064,nan,nan,37,1,0,0,0,0,0,0,0,0,0,0,0,0,0,0,0
154068,nan,nan,30,1,30,27,25,26,22,9,2,9,0,0,0,0,0,0,0
156065,nan,nan,36,1,19,7,6,7,26,0,0,0,0,0,0,0,0,0,0
158065,nan,nan,32,1,23,19,0,0,0,0,0,0,0,0,0,0,0,0,0
160064,nan,nan,32,1,26,9,0,0,0,0,0,0,0,0,0,0,0,0,0
162064,nan,nan,32,1,0,0,0,0,0,0,0,0,0,0,0,0,0,0,0
164064,nan,nan,30,1,0,0,0,0,0,0,0,0,0,0,0,0,0,0,0
166064,nan,nan,37,1,0,0,0,0,0,0,0,0,0,0,0,0,0,0,0
168065,nan,nan,29,1,24,0,0,0,0,0,0,0,0,0,0,0,0,0,0
170156,nan,nan,31,1,0,0,0,0,0,0,0,0,0,0,0,0,0,0,0
172063,nan,nan,35,1,0,0,0,0,0,0,0,0,0,0,0,0,0,0,0
174063,nan,nan,33,1,0,0,0,0,0,0,0,0,0,0,0,0,0,0,0
176064,nan,nan,36,1,22,0,0,0,0,0,0,0,0,0,0,0,0,0,0
178064,nan,nan,35,1,0,0,0,0,0,0,0,0,0,0,0,0,0,0,0
180064,nan,nan,29,1,0,0,0,0,0,0,0,0,0,0,0,0,0,0,0
182064,nan,nan,32,1,0,0,0,0,0,0,0,0,0,0,0,0,0,0,0
184065,nan,nan,29,1,21,0,0,0,0,0,0,0,0,0,0,0,0,0,0
186063,nan,nan,35,1,0,0,0,0,0,0,0,0,0,0,0,0,0,0,0
188063,nan,nan,45,1,0,0,0,0,0,0,0,0,0,0,0,0,0,0,0
190063,nan,nan,34,1,0,0,0,0,0,0,0,0,0,0,0,0,0,0,0
192064,nan,nan,39,1,34,0,0,0,0,0,0,0,0,0,0,0,0,0,0
194066,nan,nan,32,1,29,29,0,0,0,0,0,0,0,0,0,0,0,0,0
196064,nan,nan,37,1,0,0,0,0,0,0,0,0,0,0,0,0,0,0,0
198064,nan,nan,43,1,0,0,0,0,0,0,0,0,0,0,0,0,0,0,0
200064,nan,nan,32,1,0,0,0,0,0,0,0,0,0,0,0,0,0,0,0
202063,nan,nan,35,1,0,0,0,0,0,0,0,0,0,0,0,0,0,0,0
204063,nan,nan,38,1,0,0,0,0,0,0,0,0,0,0,0,0,0,0,0
206063,nan,nan,37,1,0,0,0,0,0,0,0,0,0,0,0,0,0,0,0
208063,nan,nan,37,1,0,0,0,0,0,0,0,0,0,0,0,0,0,0,0
210065,nan,nan,40,1,24,0,0,0,0,0,0,0,0,0,0,0,0,0,0
212157,nan,nan,32,1,0,0,0,0,0,0,0,0,0,0,0,0,0,0,0
214158,nan,nan,42,1,0,0,0,0,0,0,0,0,0,0,0,0,0,0,0
216064,nan,nan,35,1,0,0,0,0,0,0,0,0,0,0,0,0,0,0,0
218153,nan,nan,42,1,24,0,0,0,0,0,0,0,0,0,0,0,0,0,0
220137,nan,nan,33,1,0,0,0,0,0,0,0,0,0,0,0,0,0,0,0
222155,nan,nan,38,1,18,0,0,0,0,0,0,0,0,0,0,0,0,0,0
224087,nan,nan,41,1,12,0,0,0,0,0,0,0,0,0,0,0,0,0,0
226065,nan,nan,36,1,8,0,0,0,0,0,0,0,0,0,0,0,0,0,0
228157,nan,nan,37,1,10,0,0,0,0,0,0,0,0,0,0,0,0,0,0
230067,nan,nan,40,1,11,10,0,0,0,0,0,0,0,0,0,0,0,0,0
232065,nan,nan,39,1,11,9,0,0,0,0,0,0,0,0,0,0,0,0,0
234116,nan,nan,33,1,28,0,0,0,0,0,0,0,0,0,0,0,0,0,0
236063,nan,nan,30,1,0,0,0,0,0,0,0,0,0,0,0,0,0,0,0
238063,nan,nan,43,1,0,0,0,0,0,0,0,0,0,0,0,0,0,0,0
240064,nan,nan,36,1,0,0,0,0,0,0,0,0,0,0,0,0,0,0,0
242065,nan,nan,40,1,22,0,0,0,0,0,0,0,0,0,0,0,0,0,0
244064,nan,nan,34,1,0,0,0,0,0,0,0,0,0,0,0,0,0,0,0
246064,nan,nan,38,1,0,0,0,0,0,0,0,0,0,0,0,0,0,0,0
248064,nan,nan,37,1,0,0,0,0,0,0,0,0,0,0,0,0,0,0,0
250063,nan,nan,42,1,0,0,0,0,0,0,0,0,0,0,0,0,0,0,0
252063,nan,nan,37,1,0,0,0,0,0,0,0,0,0,0,0,0,0,0,0
254063,nan,nan,42,1,0,0,0,0,0,0,0,0,0,0,0,0,0,0,0
256064,nan,nan,43,1,20,0,0,0,0,0,0,0,0,0,0,0,0,0,0
258066,nan,nan,37,1,19,17,0,0,0,0,0,0,0,0,0,0,0,0,0
260066,nan,nan,38,1,12,11,0,0,0,0,0,0,0,0,0,0,0,0,0
262064,nan,nan,37,1,9,0,0,0,0,0,0,0,0,0,0,0,0,0,0
264064,nan,nan,43,1,0,0,0,0,0,0,0,0,0,0,0,0,0,0,0
266063,nan,nan,43,1,0,0,0,0,0,0,0,0,0,0,0,0,0,0,0
268064,nan,nan,42,1,22,0,0,0,0,0,0,0,0,0,0,0,0,0,0
270063,nan,nan,34,1,0,0,0,0,0,0,0,0,0,0,0,0,0,0,0
272063,nan,nan,33,1,0,0,0,0,0,0,0,0,0,0,0,0,0,0,0
274064,nan,nan,38,1,0,0,0,0,0,0,0,0,0,0,0,0,0,0,0
276065,nan,nan,35,1,34,0,0,0,0,0,0,0,0,0,0,0,0,0,0
278066,nan,nan,39,1,34,34,0,0,0,0,0,0,0,0,0,0,0,0,0
280066,nan,nan,43,1,34,34,0,0,0,0,0,0,0,0,0,0,0,0,0
282065,nan,nan,37,1,35,35,0,0,0,0,0,0,0,0,0,0,0,0,0
284065,nan,nan,42,1,35,34,0,0,0,0,0,0,0,0,0,0,0,0,0
286157,nan,nan,36,1,35,33,0,0,0,0,0,0,0,0,0,0,0,0,0
288156,nan,nan,44,1,34,0,0,0,0,0,0,0,0,0,0,0,0,0,0
290158,nan,nan,43,1,33,0,0,0,0,0,0,0,0,0,0,0,0,0,0
292159,nan,nan,34,1,24,0,0,0,0,0,0,0,0,0,0,0,0,0,0
294159,nan,nan,36,1,34,0,0,0,0,0,0,0,0,0,0,0,0,0,0
296151,nan,nan,41,1,34,0,0,0,0,0,0,0,0,0,0,0,0,0,0
298118,nan,nan,38,1,34,0,0,0,0,0,0,0,0,0,0,0,0,0,0
300094,nan,nan,44,1,33,0,0,0,0,0,0,0,0,0,0,0,0,0,0
302082,nan,nan,38,1,32,0,0,0,0,0,0,0,0,0,0,0,0,0,0
304066,nan,nan,32,1,22,0,0,0,0,0,0,0,0,0,0,0,0,0,0
306066,nan,nan,41,1,3,32,0,0,0,0,0,0,0,0,0,0,0,0,0
308066,nan,nan,44,1,3,19,0,0,0,0,0,0,0,0,0,0,0,0,0
310069,nan,nan,38,1,18,16,32,0,0,0,0,0,0,0,0,0,0,0,0
312066,nan,nan,39,1,21,34,0,0,0,0,0,0,0,0,0,0,0,0,0
314065,nan,nan,38,1,34,34,0,0,0,0,0,0,0,0,0,0,0,0,0
316065,nan,nan,38,1,34,34,0,0,0,0,0,0,0,0,0,0,0,0,0
318065,nan,nan,37,1,34,34,0,0,0,0,0,0,0,0,0,0,0,0,0
320065,nan,nan,37,1,34,34,0,0,0,0,0,0,0,0,0,0,0,0,0
322066,nan,nan,32,1,34,34,0,0,0,0,0,0,0,0,0,0,0,0,0
324066,nan,nan,38,1,35,34,0,0,0,0,0,0,0,0,0,0,0,0,0
326066,nan,nan,26,1,35,35,0,0,0,0,0,0,0,0,0,0,0,0,0
328066,nan,nan,33,1,35,35,0,0,0,0,0,0,0,0,0,0,0,0,0
330065,nan,nan,43,1,35,35,0,0,0,0,0,0,0,0,0,0,0,0,0
332065,nan,nan,38,1,35,35,0,0,0,0,0,0,0,0,0,0,0,0,0
334065,nan,nan,40,1,35,35,0,0,0,0,0,0,0,0,0,0,0,0,0
336065,nan,nan,42,1,35,35,0,0,0,0,0,0,0,0,0,0,0,0,0
338066,nan,nan,40,1,35,34,0,0,0,0,0,0,0,0,0,0,0,0,0
340066,nan,nan,46,1,35,35,0,0,0,0,0,0,0,0,0,0,0,0,0
342066,nan,nan,37,1,34,35,0,0,0,0,0,0,0,0,0,0,0,0,0
344066,nan,nan,43,1,35,35,0,0,0,0,0,0,0,0,0,0,0,0,0
346065,nan,nan,40,1,35,35,0,0,0,0,0,0,0,0,0,0,0,0,0
348065,nan,nan,36,1,35,35,0,0,0,0,0,0,0,0,0,0,0,0,0
350065,nan,nan,40,1,35,35,0,0,0,0,0,0,0,0,0,0,0,0,0
352066,nan,nan,36,1,35,25,35,0,0,0,0,0,0,0,0,0,0,0,0
354066,nan,nan,39,1,35,35,0,0,0,0,0,0,0,0,0,0,0,0,0
356068,nan,nan,42,1,35,20,35,20,0,0,0,0,0,0,0,0,0,0,0
358066,nan,nan,40,1,35,35,0,0,0,0,0,0,0,0,0,0,0,0,0
360067,nan,nan,33,1,35,24,35,0,0,0,0,0,0,0,0,0,0,0,0
362065,nan,nan,40,1,35,35,0,0,0,0,0,0,0,0,0,0,0,0,0
364065,nan,nan,39,1,35,35,0,0,0,0,0,0,0,0,0,0,0,0,0
366159,nan,nan,41,1,35,20,35,21,0,0,0,0,0,0,0,0,0,0,0
368158,nan,nan,44,1,35,21,0,0,0,0,0,0,0,0,0,0,0,0,0
370066,nan,nan,36,1,35,21,0,0,0,0,0,0,0,0,0,0,0,0,0
372163,nan,nan,38,1,35,19,34,16,0,0,0,0,0,0,0,0,0,0,0
374159,nan,nan,44,1,34,13,0,0,0,0,0,0,0,0,0,0,0,0,0
376066,nan,nan,36,1,34,21,0,0,0,0,0,0,0,0,0,0,0,0,0
378157,nan,nan,38,1,34,8,34,19,0,0,0,0,0,0,0,0,0,0,0
380134,nan,nan,40,1,34,34,21,0,0,0,0,0,0,0,0,0,0,0,0
382159,nan,nan,39,1,31,20,0,0,0,0,0,0,0,0,0,0,0,0,0
384141,nan,nan,34,1,34,20,0,0,0,0,0,0,0,0,0,0,0,0,0
386145,nan,nan,33,1,31,134,29,0,0,0,0,0,0,0,0,0,0,0,0
388164,nan,nan,37,1,54,9,250,31,134,29,0,0,0,0,0,0,0,0,0
390107,nan,nan,37,1,54,21,23,29,21,54,21,0,0,0,0,0,0,0,0
392087,nan,nan,38,1,23,19,17,333,25,250,17,24,333,0,0,0,0,0,0
394172,nan,nan,31,1,25,250,20,333,25,250,13,0,0,0,0,0,0,0,0
396079,nan,nan,45,1,21,31,134,27,21,54,21,0,0,0,0,0,0,0,0
398081,nan,nan,37,1,24,21,54,21,24,21,21,20,333,0,0,0,0,0,0
400173,nan,nan,35,1,25,250,21,21,333,64,24,21,0,0,0,0,0,0,0
402083,nan,nan,37,1,21,21,16,333,24,250,21,10,33,22,29,0,0,0,0
404082,nan,nan,47,1,21,10,333,64,24,21,21,54,13,25,250,0,0,0,0
406112,nan,nan,37,1,21,22,333,64,24,21,0,0,0,0,0,0,0,0,0
408085,nan,nan,46,1,22,333,21,21,333,20,128,30,21,54,13,64,24,0,0
410079,nan,nan,44,1,21,54,13,64,24,20,54,15,64,24,0,0,0,0,0
412085,nan,nan,45,1,20,17,333,20,23,20,54,15,21,128,0,0,0,0,0
414081,nan,nan,45,1,20,54,15,20,128,21,32,16,20,128,0,0,0,0,0
416080,nan,nan,38,1,21,32,16,18,128,21,32,17,25,250,0,0,0,0,0
418080,nan,nan,28,1,18,32,17,25,24,14,333,10,128,31,0,0,0,0,0
420080,nan,nan,36,1,14,333,20,23,14,333,21,25,24,0,0,0,0,0,0
422081,nan,nan,40,1,20,32,17,64,23,26,21,32,17,64,23,26,0,0,0
424081,nan,nan,40,1,22,33,134,24,21,21,333,22,24,20,0,0,0,0,0
426080,nan,nan,37,1,21,333,21,25,24,21,33,64,23,26,0,0,0,0,0
428080,nan,nan,43,1,21,32,25,24,17,333,12,128,26,0,0,0,0,0,0
430081,nan,nan,36,1,15,333,11,128,10,333,9,129,25,0,0,0,0,0,0
432077,nan,nan,34,1,10,333,25,250,53,21,25,1,0,0,0,0,0,0,0
434077,nan,nan,40,1,53,21,25,1,21,53,21,25,25,21,0,0,0,0,0
436078,nan,nan,39,1,53,21,25,1,21,53,21,25,22,21,0,0,0,0,0
438080,nan,nan,40,1,53,21,26,323,21,53,21,26,323,0,0,0,0,0,0
440077,nan,nan,31,1,53,21,26,20,53,21,26,17,0,0,0,0,0,0,0
442078,nan,nan,44,1,31,133,25,31,133,25,17,0,0,0,0,0,0,0,0
444172,nan,nan,34,1,31,133,25,14,31,133,19,28,12,0,0,0,0,0,0
446168,nan,nan,44,1,23,31,133,14,28,22,0,0,0,0,0,0,0,0,0
448168,nan,nan,43,1,31,133,13,28,21,0,0,0,0,0,0,0,0,0,0
450169,nan,nan,39,1,53,21,26,17,21,0,0,0,0,0,0,0,0,0,0
452169,nan,nan,44,1,31,133,18,28,21,0,0,0,0,0,0,0,0,0,0
454171,nan,nan,44,1,26,333,27,250,14,0,0,0,0,0,0,0,0,0,0
456171,nan,nan,37,1,25,333,27,250,11,0,0,0,0,0,0,0,0,0,0
458166,nan,nan,31,1,2,25,33,129,19,0,0,0,0,0,0,0,0,0,0
460167,nan,nan,38,1,21,34,129,13,0,0,0,0,0,0,0,0,0,0,0
462167,nan,nan,34,1,20,31,133,25,20,0,0,0,0,0,0,0,0,0,0
464172,nan,nan,39,1,25,25,53,21,26,28,21,0,0,0,0,0,0,0,0
466171,nan,nan,43,1,25,25,53,21,26,16,21,25,0,0,0,0,0,0,0
468100,nan,nan,40,1,53,26,20,333,27,250,21,17,0,0,0,0,0,0,0
470159,nan,nan,44,1,34,129,13,53,13,64,24,28,11,53,13,0,0,0,0
472107,nan,nan,38,1,25,11,53,13,64,24,28,11,53,13,0,0,0,0,0
474081,nan,nan,36,1,64,24,9,31,14,64,24,28,11,31,15,0,0,0,0
476086,nan,nan,37,1,27,250,11,31,15,27,250,12,12,31,21,25,28,0,0
478083,nan,nan,40,1,12,31,14,27,250,14,31,14,20,129,0,0,0,0,0
480097,nan,nan,40,1,21,20,14,32,14,20,129,18,13,32,14,0,0,0,0
482084,nan,nan,38,1,21,129,12,33,27,250,11,333,12,24,323,0,0,0,0
484084,nan,nan,34,1,10,333,21,129,25,11,333,21,129,25,0,0,0,0,0
486084,nan,nan,30,1,12,333,20,24,27,20,11,333,20,24,27,0,0,0,0
488081,nan,nan,32,1,10,333,17,24,27,53,13,12,129,25,0,0,0,0,0
490080,nan,nan,36,1,53,14,27,249,53,14,27,249,20,0,0,0,0,0,0
492080,nan,nan,47,1,53,14,27,249,20,333,65,24,30,0,0,0,0,0,0
494083,nan,nan,41,1,21,333,18,129,25,21,333,16,129,25,0,0,0,0,0
496081,nan,nan,41,1,21,333,12,129,25,20,333,65,24,20,0,0,0,0,0
498080,nan,nan,40,1,17,333,65,24,18,13,333,8,129,25,0,0,0,0,0
500083,nan,nan,28,1,10,333,10,129,25,11,333,10,129,19,0,0,0,0,0
502079,nan,nan,34,1,11,333,65,24,8,10,333,65,24,8,0,0,0,0,0
504078,nan,nan,35,1,10,333,65,24,8,9,333,65,24,8,0,0,0,0,0
506077,nan,nan,44,1,9,333,65,24,8,9,333,65,24,8,0,0,0,0,0
508077,nan,nan,30,1,9,333,65,24,8,9,333,65,24,8,0,0,0,0,0
510078,nan,nan,41,1,53,19,27,249,7,53,19,27,249,7,0,0,0,0,0
512077,nan,nan,32,1,53,19,27,249,7,53,21,24,28,0,0,0,0,0,0
514077,nan,nan,31,1,53,21,24,28,53,21,24,323,0,0,0,0,0,0,0
516079,nan,nan,31,1,53,21,24,323,53,21,24,323,0,0,0,0,0,0,0
518084,nan,nan,39,1,53,21,23,323,53,21,23,323,0,0,0,0,0,0,0
520172,nan,nan,35,1,53,21,23,323,53,21,23,323,0,0,0,0,0,0,0
522169,nan,nan,43,1,23,323,53,21,23,323,0,0,0,0,0,0,0,0,0
524171,nan,nan,37,1,24,323,53,21,23,323,0,0,0,0,0,0,0,0,0
526167,nan,nan,31,1,19,333,24,0,0,0,0,0,0,0,0,0,0,0,0
528167,nan,nan,30,1,20,333,23,0,0,0,0,0,0,0,0,0,0,0,0
530165,nan,nan,33,1,19,333,23,0,0,0,0,0,0,0,0,0,0,0,0
532169,nan,nan,40,1,20,333,23,323,0,0,0,0,0,0,0,0,0,0,0
534171,nan,nan,32,1,20,333,22,323,0,0,0,0,0,0,0,0,0,0,0
536169,nan,nan,31,1,20,333,22,323,0,0,0,0,0,0,0,0,0,0,0
538168,nan,nan,31,1,21,333,22,323,0,0,0,0,0,0,0,0,0,0,0
540170,nan,nan,40,1,21,333,21,323,0,0,0,0,0,0,0,0,0,0,0
542169,nan,nan,30,1,21,333,21,323,0,0,0,0,0,0,0,0,0,0,0
544161,nan,nan,46,1,21,333,20,323,0,0,0,0,0,0,0,0,0,0,0
546136,nan,nan,40,1,21,21,333,21,323,0,0,0,0,0,0,0,0,0,0
548111,nan,nan,30,1,20,333,20,333,20,0,0,0,0,0,0,0,0,0,0
550093,nan,nan,30,1,20,333,20,333,21,20,333,0,0,0,0,0,0,0,0
552078,nan,nan,31,1,21,20,333,21,20,333,0,0,0,0,0,0,0,0,0
554080,nan,nan,43,1,20,21,333,20,21,333,19,0,0,0,0,0,0,0,0
556082,nan,nan,36,1,20,33,26,249,21,32,26,249,0,0,0,0,0,0,0
558078,nan,nan,31,1,21,32,26,249,21,32,26,249,0,0,0,0,0,0,0
560079,nan,nan,27,1,21,32,26,249,21,341,26,249,0,0,0,0,0,0,0
562079,nan,nan,27,1,21,341,26,249,20,32,26,249,0,0,0,0,0,0,0
564079,nan,nan,35,1,20,32,26,249,20,32,26,249,0,0,0,0,0,0,0
566080,nan,nan,40,1,19,32,26,249,19,341,26,249,0,0,0,0,0,0,0
568081,nan,nan,45,1,19,341,26,249,20,341,27,249,0,0,0,0,0,0,0
570081,nan,nan,31,1,20,341,27,249,20,341,28,249,0,0,0,0,0,0,0
572081,nan,nan,32,1,19,341,27,249,20,341,28,249,0,0,0,0,0,0,0
574081,nan,nan,31,1,21,341,27,249,21,341,28,249,0,0,0,0,0,0,0
576080,nan,nan,28,1,22,341,28,249,22,341,27,249,0,0,0,0,0,0,0
578080,nan,nan,31,1,22,341,28,249,22,341,27,249,0,0,0,0,0,0,0
580081,nan,nan,46,1,22,341,27,249,22,341,27,249,0,0,0,0,0,0,0
582081,nan,nan,36,1,21,341,27,249,22,341,27,249,0,0,0,0,0,0,0
584081,nan,nan,35,1,22,341,27,249,22,341,27,249,0,0,0,0,0,0,0
586081,nan,nan,32,1,23,341,26,249,23,341,26,249,0,0,0,0,0,0,0
588081,nan,nan,44,1,22,341,26,249,22,341,27,249,0,0,0,0,0,0,0
590081,nan,nan,31,1,22,341,26,249,22,341,26,249,0,0,0,0,0,0,0
592080,nan,nan,36,1,22,341,26,249,21,341,26,249,0,0,0,0,0,0,0
594080,nan,nan,40,1,21,341,26,249,21,341,26,249,0,0,0,0,0,0,0
596173,nan,nan,37,1,21,341,26,249,21,341,26,249,0,0,0,0,0,0,0
598169,nan,nan,38,1,26,249,22,32,26,249,0,0,0,0,0,0,0,0,0
600166,nan,nan,34,1,22,32,26,249,0,0,0,0,0,0,0,0,0,0,0
602167,nan,nan,40,1,22,32,26,249,0,0,0,0,0,0,0,0,0,0,0
604167,nan,nan,31,1,22,32,26,249,0,0,0,0,0,0,0,0,0,0,0
606168,nan,nan,39,1,23,33,26,249,0,0,0,0,0,0,0,0,0,0,0
608166,nan,nan,31,1,22,33,26,249,0,0,0,0,0,0,0,0,0,0,0
610169,nan,nan,36,1,22,33,26,249,0,0,0,0,0,0,0,0,0,0,0
612167,nan,nan,31,1,22,21,33,26,249,0,0,0,0,0,0,0,0,0,0
614166,nan,nan,34,1,21,33,27,249,0,0,0,0,0,0,0,0,0,0,0
616133,nan,nan,31,1,20,33,27,249,0,0,0,0,0,0,0,0,0,0,0
618167,nan,nan,35,1,20,2,33,20,34,27,249,0,0,0,0,0,0,0,0
620169,nan,nan,40,1,19,34,27,249,0,0,0,0,0,0,0,0,0,0,0
622162,nan,nan,31,1,920,19,34,27,249,0,0,0,0,0,0,0,0,0,0
624135,nan,nan,41,1,19,27,19,34,27,248,0,0,0,0,0,0,0,0,0
626110,nan,nan,43,1,19,34,920,20,34,27,248,20,34,0,0,0,0,0,0
628085,nan,nan,35,1,27,20,34,27,248,20,34,0,0,0,0,0,0,0,0
630084,nan,nan,32,1,27,248,20,34,27,248,19,34,0,0,0,0,0,0,0
632088,nan,nan,31,1,26,248,18,34,26,248,18,34,26,248,0,0,0,0,0
634084,nan,nan,40,1,18,34,26,248,18,34,26,248,0,0,0,0,0,0,0
636082,nan,nan,32,1,18,34,26,248,18,34,26,248,0,0,0,0,0,0,0
638081,nan,nan,40,1,18,34,27,248,6,12,26,248,0,0,0,0,0,0,0
640079,nan,nan,35,1,6,12,26,248,6,12,26,248,0,0,0,0,0,0,0
642079,nan,nan,26,1,6,12,26,248,6,12,26,248,0,0,0,0,0,0,0
644080,nan,nan,34,1,6,12,27,248,6,34,26,248,0,0,0,0,0,0,0
646080,nan,nan,32,1,6,34,27,248,6,34,27,248,0,0,0,0,0,0,0
648080,nan,nan,34,1,6,34,27,248,6,34,27,248,0,0,0,0,0,0,0
650080,nan,nan,44,1,6,34,27,248,6,34,27,248,0,0,0,0,0,0,0
652080,nan,nan,41,1,6,34,27,248,6,34,27,248,0,0,0,0,0,0,0
654080,nan,nan,31,1,6,34,27,248,6,34,27,248,0,0,0,0,0,0,0
656079,nan,nan,27,1,6,34,28,248,6,34,28,248,0,0,0,0,0,0,0
658079,nan,nan,31,1,6,34,27,248,6,34,28,248,0,0,0,0,0,0,0
660080,nan,nan,33,1,6,34,28,248,6,34,28,248,0,0,0,0,0,0,0
662080,nan,nan,30,1,6,34,28,248,6,34,28,248,0,0,0,0,0,0,0
664080,nan,nan,44,1,6,34,28,248,6,34,28,248,0,0,0,0,0,0,0
666080,nan,nan,34,1,6,34,28,248,6,34,29,248,0,0,0,0,0,0,0
668080,nan,nan,30,1,6,34,28,248,6,34,29,248,0,0,0,0,0,0,0
670080,nan,nan,31,1,6,34,28,248,6,34,28,248,0,0,0,0,0,0,0
672110,nan,nan,39,1,6,34,28,248,6,34,29,248,0,0,0,0,0,0,0
674171,nan,nan,38,1,6,34,29,248,6,34,29,248,0,0,0,0,0,0,0
676175,nan,nan,41,1,29,248,18,342,29,248,0,0,0,0,0,0,0,0,0
678174,nan,nan,34,1,29,248,18,342,29,248,0,0,0,0,0,0,0,0,0
680171,nan,nan,31,1,18,342,29,248,0,0,0,0,0,0,0,0,0,0,0
682171,nan,nan,33,1,18,342,29,248,0,0,0,0,0,0,0,0,0,0,0
684173,nan,nan,31,1,18,342,30,248,0,0,0,0,0,0,0,0,0,0,0
686172,nan,nan,35,1,19,342,29,248,0,0,0,0,0,0,0,0,0,0,0
688174,nan,nan,37,1,19,342,29,248,0,0,0,0,0,0,0,0,0,0,0
690172,nan,nan,35,1,20,342,30,248,0,0,0,0,0,0,0,0,0,0,0
692173,nan,nan,31,1,20,342,30,248,0,0,0,0,0,0,0,0,0,0,0
694174,nan,nan,35,1,1,19,342,30,248,0,0,0,0,0,0,0,0,0,0
696170,nan,nan,35,1,20,342,30,248,0,0,0,0,0,0,0,0,0,0,0
698172,nan,nan,34,1,21,342,30,248,0,0,0,0,0,0,0,0,0,0,0
700148,nan,nan,33,1,20,20,342,30,248,0,0,0,0,0,0,0,0,0,0
702121,nan,nan,34,1,21,342,21,342,30,248,0,0,0,0,0,0,0,0,0
704100,nan,nan,35,1,21,342,21,342,29,248,21,342,0,0,0,0,0,0,0
706084,nan,nan,36,1,30,21,342,30,248,21,342,0,0,0,0,0,0,0,0
708085,nan,nan,34,1,30,248,20,342,30,248,21,342,0,0,0,0,0,0,0
710089,nan,nan,32,1,30,248,21,342,31,248,21,342,31,248,0,0,0,0,0
712084,nan,nan,44,1,21,342,31,248,21,342,30,248,0,0,0,0,0,0,0
714084,nan,nan,31,1,20,342,30,248,19,342,30,248,0,0,0,0,0,0,0
716084,nan,nan,36,1,19,342,30,248,19,342,30,248,0,0,0,0,0,0,0
718084,nan,nan,32,1,19,342,30,248,19,342,30,248,0,0,0,0,0,0,0
720083,nan,nan,33,1,18,342,30,248,18,342,30,248,0,0,0,0,0,0,0
722083,nan,nan,31,1,18,342,30,248,18,342,30,248,0,0,0,0,0,0,0
724084,nan,nan,38,1,19,342,30,248,20,342,30,248,0,0,0,0,0,0,0
726084,nan,nan,31,1,20,342,30,248,21,342,30,248,0,0,0,0,0,0,0
728084,nan,nan,35,1,21,342,30,248,21,342,30,248,0,0,0,0,0,0,0
730084,nan,nan,38,1,20,342,30,248,21,342,29,248,0,0,0,0,0,0,0
732084,nan,nan,34,1,21,342,29,248,21,342,29,248,0,0,0,0,0,0,0
734084,nan,nan,39,1,22,342,29,248,23,342,29,248,0,0,0,0,0,0,0
736083,nan,nan,34,1,22,342,29,248,22,342,29,248,0,0,0,0,0,0,0
738083,nan,nan,34,1,22,342,29,248,22,342,29,248,0,0,0,0,0,0,0
740084,nan,nan,31,1,22,342,29,248,22,342,29,248,0,0,0,0,0,0,0
742084,nan,nan,31,1,22,342,29,248,23,342,29,248,0,0,0,0,0,0,0
744084,nan,nan,31,1,22,342,29,248,22,342,29,248,0,0,0,0,0,0,0
746084,nan,nan,33,1,22,342,29,248,22,342,29,248,0,0,0,0,0,0,0
748084,nan,nan,34,1,23,342,29,248,23,342,29,248,0,0,0,0,0,0,0
750178,nan,nan,45,1,23,342,29,248,23,343,29,248,0,0,0,0,0,0,0
752175,nan,nan,35,1,29,248,22,343,29,248,0,0,0,0,0,0,0,0,0
754176,nan,nan,33,1,29,248,22,343,29,248,0,0,0,0,0,0,0,0,0
756172,nan,nan,38,1,22,343,29,248,0,0,0,0,0,0,0,0,0,0,0
758174,nan,nan,30,1,21,343,29,248,0,0,0,0,0,0,0,0,0,0,0
760174,nan,nan,43,1,21,343,29,248,0,0,0,0,0,0,0,0,0,0,0
762173,nan,nan,39,1,20,343,29,248,0,0,0,0,0,0,0,0,0,0,0
764173,nan,nan,35,1,20,343,21,23,0,0,0,0,0,0,0,0,0,0,0
766173,nan,nan,35,1,19,343,21,23,0,0,0,0,0,0,0,0,0,0,0
768172,nan,nan,38,1,19,343,21,22,0,0,0,0,0,0,0,0,0,0,0
770174,nan,nan,33,1,8024,18,343,14,131,0,0,0,0,0,0,0,0,0,0
772167,nan,nan,38,1,18,343,9,131,0,0,0,0,0,0,0,0,0,0,0
774174,nan,nan,31,1,18,343,10,131,0,0,0,0,0,0,0,0,0,0,0
776169,nan,nan,32,1,18,16,343,12,131,0,0,0,0,0,0,0,0,0,0
778160,nan,nan,35,1,15,343,8024,16,343,9,131,0,0,0,0,0,0,0,0
780135,nan,nan,31,1,15,343,14,343,11,131,15,343,0,0,0,0,0,0,0
782111,nan,nan,39,1,12,1,14,343,13,131,15,343,0,0,0,0,0,0,0
784086,nan,nan,31,1,12,131,15,343,12,131,14,343,0,0,0,0,0,0,0
786084,nan,nan,44,1,13,131,6,35,13,131,6,34,13,131,0,0,0,0,0
788082,nan,nan,36,1,6,34,13,131,6,34,17,131,0,0,0,0,0,0,0
790080,nan,nan,34,1,6,34,16,131,6,34,16,131,0,0,0,0,0,0,0
792080,nan,nan,34,1,6,34,16,131,6,34,17,28,23,0,0,0,0,0,0
794082,nan,nan,39,1,6,34,17,127,23,6,34,18,127,23,0,0,0,0,0
796082,nan,nan,26,1,6,34,17,127,22,6,34,18,127,22,0,0,0,0,0
798082,nan,nan,34,1,6,34,18,127,22,6,34,18,127,22,0,0,0,0,0
800081,nan,nan,36,1,6,34,17,127,21,6,34,17,127,21,0,0,0,0,0
802081,nan,nan,32,1,6,34,17,127,21,6,34,17,127,21,0,0,0,0,0
804082,nan,nan,35,1,6,34,18,127,21,6,34,17,127,20,0,0,0,0,0
806082,nan,nan,35,1,6,34,17,127,21,6,34,16,127,21,0,0,0,0,0
808082,nan,nan,39,1,6,34,17,127,21,6,34,17,127,20,0,0,0,0,0
810082,nan,nan,31,1,6,34,18,127,20,6,34,18,127,20,0,0,0,0,0
812082,nan,nan,31,1,6,34,16,127,20,6,34,16,127,20,0,0,0,0,0
814082,nan,nan,43,1,6,34,16,127,20,6,34,17,127,20,0,0,0,0,0
816081,nan,nan,31,1,6,34,17,127,20,6,34,16,127,19,0,0,0,0,0
818081,nan,nan,31,1,6,34,15,127,19,6,34,16,127,20,0,0,0,0,0
820082,nan,nan,43,1,6,35,16,127,19,6,35,16,127,19,0,0,0,0,0
822084,nan,nan,35,1,6,35,16,127,19,6,34,16,203,25,324,0,0,0,0
824086,nan,nan,39,1,6,35,17,203,25,324,6,35,17,203,25,324,0,0,0
826180,nan,nan,37,1,6,35,17,203,25,324,6,35,18,203,25,324,0,0,0
828178,nan,nan,37,1,17,203,26,324,6,35,17,203,26,324,0,0,0,0,0
830179,nan,nan,32,1,16,203,26,324,6,35,16,203,26,324,0,0,0,0,0
832177,nan,nan,34,1,26,324,6,35,17,203,27,324,0,0,0,0,0,0,0
834179,nan,nan,39,1,26,324,6,34,17,203,26,324,0,0,0,0,0,0,0
836179,nan,nan,33,1,26,324,18,344,17,203,27,324,0,0,0,0,0,0,0
838177,nan,nan,35,1,17,344,16,203,27,324,0,0,0,0,0,0,0,0,0
840179,nan,nan,31,1,16,344,16,203,27,324,0,0,0,0,0,0,0,0,0
842176,nan,nan,35,1,15,344,15,21,27,324,0,0,0,0,0,0,0,0,0
844177,nan,nan,31,1,16,344,17,21,27,324,0,0,0,0,0,0,0,0,0
846177,nan,nan,35,1,17,344,15,21,27,324,0,0,0,0,0,0,0,0,0
848173,nan,nan,31,1,15,15,344,15,21,27,324,0,0,0,0,0,0,0,0
850177,nan,nan,35,1,17,344,14,21,27,324,0,0,0,0,0,0,0,0,0
852176,nan,nan,35,1,920,16,344,15,21,27,0,0,0,0,0,0,0,0,0
854179,nan,nan,27,1,18,16,920,18,344,15,21,26,0,0,0,0,0,0,0
856164,nan,nan,38,1,18,344,17,344,15,21,26,17,344,0,0,0,0,0,0
858138,nan,nan,33,1,14,2,18,344,13,21,26,18,344,0,0,0,0,0,0
860113,nan,nan,36,1,12,21,17,344,13,21,26,17,344,0,0,0,0,0,0
862089,nan,nan,36,1,13,21,17,344,11,21,26,18,344,11,21,0,0,0,0
864089,nan,nan,35,1,26,17,344,11,21,25,14,344,14,66,0,0,0,0,0
866088,nan,nan,35,1,25,13,344,14,66,25,15,344,14,66,25,0,0,0,0
868087,nan,nan,39,1,15,344,14,66,25,16,344,14,66,26,0,0,0,0,0
870087,nan,nan,31,1,15,344,14,21,26,14,344,14,21,26,0,0,0,0,0
872087,nan,nan,31,1,14,344,14,21,25,15,344,14,21,25,0,0,0,0,0
874087,nan,nan,31,1,16,344,14,21,25,16,344,14,21,25,0,0,0,0,0
876088,nan,nan,35,1,16,344,16,203,25,15,344,15,21,25,0,0,0,0,0
878087,nan,nan,35,1,13,344,10,21,26,12,344,14,66,26,0,0,0,0,0
880089,nan,nan,36,1,14,344,14,66,26,14,344,14,66,26,324,0,0,0,0
882091,nan,nan,34,1,16,344,14,11,22,246,15,344,14,11,23,246,0,0,0
884090,nan,nan,26,1,14,344,14,11,24,246,13,344,14,11,24,246,0,0,0
886091,nan,nan,31,1,13,344,14,11,25,246,12,344,14,11,24,246,0,0,0
888091,nan,nan,31,1,12,344,14,11,24,246,11,344,14,11,24,246,0,0,0
890091,nan,nan,35,1,11,344,14,11,24,246,10,344,14,11,24,246,0,0,0
892090,nan,nan,31,1,11,344,14,11,25,246,9,344,14,11,25,246,0,0,0
894089,nan,nan,33,1,8,344,14,11,25,246,9,344,14,11,26,246,0,0,0
896091,nan,nan,34,1,10,344,14,11,26,246,11,344,14,11,26,246,0,0,0
898091,nan,nan,35,1,12,344,14,11,26,246,11,344,14,11,27,246,0,0,0
900090,nan,nan,35,1,11,344,14,11,27,246,10,344,14,11,26,246,0,0,0
902182,nan,nan,36,1,6,34,14,11,26,246,31,6,34,14,11,26,246,30,0
904181,nan,nan,42,1,14,11,27,246,30,6,34,14,11,27,246,30,0,0,0
906181,nan,nan,32,1,14,11,27,246,30,6,34,14,11,27,246,30,0,0,0
908181,nan,nan,30,1,27,246,30,6,34,14,11,27,246,30,0,0,0,0,0
910180,nan,nan,32,1,27,246,30,6,34,14,11,27,246,30,0,0,0,0,0
912181,nan,nan,35,1,27,246,29,6,34,14,11,28,246,29,0,0,0,0,0
914178,nan,nan,31,1,30,6,34,14,11,28,246,30,0,0,0,0,0,0,0
916179,nan,nan,35,1,30,6,34,18,17,28,246,30,0,0,0,0,0,0,0
918178,nan,nan,31,1,6,35,14,17,28,246,30,0,0,0,0,0,0,0,0
920178,nan,nan,31,1,6,34,13,17,28,246,30,0,0,0,0,0,0,0,0
922179,nan,nan,32,1,6,34,13,17,28,246,30,0,0,0,0,0,0,0,0
924173,nan,nan,31,1,6,6,35,12,17,28,246,30,0,0,0,0,0,0,0
926181,nan,nan,34,1,18,344,11,17,28,246,30,0,0,0,0,0,0,0,0
928179,nan,nan,39,1,13,344,10,17,29,246,30,0,0,0,0,0,0,0,0
930180,nan,nan,36,1,12,19,12,344,18,17,29,246,30,0,0,0,0,0,0
932192,nan,nan,32,1,13,344,13,344,15,17,29,246,30,13,344,0,0,0,0
934185,nan,nan,32,1,17,29,11,344,18,17,29,246,30,11,344,0,0,0,0
936165,nan,nan,27,1,19,10,344,19,17,29,246,30,8,344,0,0,0,0,0
938140,nan,nan,35,1,19,17,9,344,18,17,28,246,30,11,344,18,17,0,0
940139,nan,nan,33,1,29,30,12,344,17,17,29,246,30,13,344,18,17,0,0
942105,nan,nan,31,1,21,2,11,344,18,17,21,25,42,8,344,19,17,0,0
944099,nan,nan,35,1,21,25,9,344,17,17,21,25,42,10,344,17,17,21,25
946098,nan,nan,31,1,42,12,344,17,17,21,25,42,12,344,17,17,21,25,42
948099,nan,nan,40,1,11,344,18,17,21,25,42,11,344,18,17,21,25,42,0
950095,nan,nan,35,1,11,344,16,17,21,25,42,11,344,15,17,21,25,42,0
952096,nan,nan,31,1,11,344,16,17,21,25,42,11,344,16,17,21,25,42,0
954092,nan,nan,31,1,6,34,17,17,21,25,42,6,34,17,17,21,25,42,0
956093,nan,nan,34,1,6,34,17,17,21,25,42,6,34,16,17,19,132,42,0
958094,nan,nan,36,1,6,34,16,17,17,132,42,6,34,16,17,12,132,42,0
960092,nan,nan,35,1,6,34,16,17,9,132,42,6,34,15,17,9,132,23,0
962092,nan,nan,32,1,6,34,17,17,21,24,19,6,34,17,17,21,24,17,0
964092,nan,nan,31,1,6,34,14,11,21,23,13,6,34,14,11,18,132,11,0
966093,nan,nan,31,1,6,34,14,11,16,132,11,6,34,14,11,11,132,12,0
968092,nan,nan,31,1,6,34,14,11,21,23,11,6,34,14,11,21,23,42,0
970092,nan,nan,38,1,6,34,14,11,21,23,42,6,34,14,11,21,23,42,0
972092,nan,nan,32,1,6,34,14,11,21,23,19,6,35,14,11,21,23,16,0
974092,nan,nan,29,1,6,35,14,11,21,23,13,6,35,14,11,21,23,12,0
976092,nan,nan,35,1,6,35,14,11,21,23,12,6,35,14,11,21,23,11,0
978185,nan,nan,40,1,6,35,14,11,21,23,11,6,35,20,17,21,23,10,0
980185,nan,nan,37,1,17,17,21,23,42,6,35,14,17,21,22,42,0,0,0
982183,nan,nan,36,1,13,17,21,22,42,6,35,14,17,21,21,42,0,0,0
984182,nan,nan,31,1,21,21,18,6,35,17,17,21,21,16,0,0,0,0,0
986184,nan,nan,36,1,21,21,11,6,35,17,17,21,21,9,0,0,0,0,0
988184,nan,nan,32,1,21,21,11,6,35,17,17,21,21,10,0,0,0,0,0
990185,nan,nan,31,1,10,17,345,16,17,21,21,42,0,0,0,0,0,0,0
992186,nan,nan,35,1,42,18,345,17,17,21,21,42,0,0,0,0,0,0,0
994185,nan,nan,35,1,42,18,345,18,17,21,21,42,0,0,0,0,0,0,0
996182,nan,nan,32,1,16,345,18,17,21,21,42,0,0,0,0,0,0,0,0
998183,nan,nan,33,1,16,345,20,17,21,21,42,0,0,0,0,0,0,0,0
1000183,nan,nan,40,1,1870,16,345,19,17,21,21,42,0,0,0,0,0,0,0
1002185,nan,nan,31,1,17,345,20,17,21,21,42,0,0,0,0,0,0,0,0
1004186,nan,nan,40,1,16,345,18,17,21,22,42,0,0,0,0,0,0,0,0
1006182,nan,nan,33,1,6,18,6,34,19,17,21,22,42,0,0,0,0,0,0
1008187,nan,nan,36,1,6,34,920,6,34,19,17,21,22,42,0,0,0,0,0
1010186,nan,nan,31,1,6,34,6,34,17,17,21,23,42,6,34,0,0,0,0
1012185,nan,nan,32,1,18,14,30,6,34,19,17,21,22,42,6,34,0,0,0
1014158,nan,nan,36,1,19,17,6,34,18,17,21,23,42,21,345,18,17,0,0
1016134,nan,nan,32,1,21,4,19,345,18,17,21,24,42,17,345,18,17,0,0
1018112,nan,nan,32,1,21,23,15,345,19,17,21,24,42,16,345,19,17,0,0
1020101,nan,nan,35,1,21,24,16,345,18,17,21,24,42,16,345,19,17,16,132
1022103,nan,nan,34,1,42,17,345,19,17,16,132,42,17,345,18,17,15,132,0
1024104,nan,nan,29,1,42,17,345,17,17,14,132,42,18,345,18,17,13,132,42
1026100,nan,nan,33,1,19,345,19,17,14,132,42,6,33,19,17,13,132,42,0
1028093,nan,nan,36,1,6,33,19,17,9,132,42,6,33,19,17,9,132,42,0
1030099,nan,nan,31,1,22,345,19,17,11,132,42,22,345,18,17,17,132,42,0
1032100,nan,nan,35,1,22,345,18,17,14,132,16,22,345,19,17,12,132,14,0
1034100,nan,nan,35,1,22,345,19,17,11,132,11,22,345,19,17,13,132,42,0
1036099,nan,nan,34,1,23,345,19,17,14,132,42,23,345,19,17,21,26,42,0
1038100,nan,nan,35,1,23,345,20,17,20,132,42,23,345,19,20,17,132,42,0
1040099,nan,nan,31,1,24,345,20,17,11,132,42,24,345,19,16,21,25,42,0
1042098,nan,nan,31,1,25,345,20,10,21,26,42,25,345,19,10,21,26,42,0
1044097,nan,nan,39,1,25,345,20,9,21,26,42,25,345,19,10,21,26,42,0
1046097,nan,nan,31,1,25,345,20,10,21,26,42,26,345,19,17,21,26,42,0
1048098,nan,nan,29,1,25,345,20,17,21,26,42,26,345,20,17,21,27,42,0
1050098,nan,nan,34,1,25,345,20,17,21,26,42,26,345,20,17,21,26,42,0
1052098,nan,nan,32,1,26,345,20,17,21,26,42,26,345,20,17,21,25,42,0
1054191,nan,nan,35,1,26,345,19,17,21,25,42,26,345,18,17,21,25,42,0
1056188,nan,nan,38,1,18,17,21,25,42,26,345,18,17,21,25,42,0,0,0
1058188,nan,nan,42,1,18,17,21,25,42,26,345,19,17,21,26,42,0,0,0
1060190,nan,nan,36,1,19,17,21,26,42,26,345,18,17,21,26,42,0,0,0
1062188,nan,nan,28,1,21,25,42,26,345,18,17,21,25,42,0,0,0,0,0
1064187,nan,nan,35,1,42,26,345,17,17,21,25,42,0,0,0,0,0,0,0
1066185,nan,nan,35,1,42,26,345,18,17,21,25,42,0,0,0,0,0,0,0
1068187,nan,nan,34,1,42,26,345,18,17,21,26,42,0,0,0,0,0,0,0
1070187,nan,nan,33,1,42,26,345,18,17,21,26,19,0,0,0,0,0,0,0
1072186,nan,nan,31,1,26,345,19,17,21,26,42,0,0,0,0,0,0,0,0
1074186,nan,nan,33,1,26,345,20,17,21,26,42,0,0,0,0,0,0,0,0
1076186,nan,nan,32,1,25,345,18,17,21,26,18,0,0,0,0,0,0,0,0
1078185,nan,nan,36,1,25,345,18,17,21,26,12,0,0,0,0,0,0,0,0
1080184,nan,nan,35,1,25,345,18,17,21,26,9,0,0,0,0,0,0,0,0
1082180,nan,nan,27,1,2,25,345,18,17,21,25,8,0,0,0,0,0,0,0
1084188,nan,nan,38,1,25,345,25,345,19,17,21,26,8,0,0,0,0,0,0
1086190,nan,nan,35,1,25,345,24,345,18,17,21,25,8,23,345,0,0,0,0
1088190,nan,nan,32,1,18,21,8024,23,345,17,17,21,25,8,23,345,0,0,0
1090171,nan,nan,31,1,17,17,8024,23,345,17,17,16,132,7,23,345,0,0,0
1092150,nan,nan,36,1,16,17,23,345,17,17,15,132,7,22,345,17,17,0,0
1094120,nan,nan,27,1,16,14,95,22,345,17,17,16,132,7,22,345,17,17,0
1096108,nan,nan,39,1,15,132,22,345,17,17,15,132,42,22,345,16,17,16,132
1098107,nan,nan,40,1,4,920,22,345,17,17,17,132,42,22,345,15,17,18,132
1100105,nan,nan,31,1,19,21,345,15,17,19,132,17,6,35,14,17,20,132,15
1102104,nan,nan,26,1,6,34,14,11,21,132,14,21,346,14,11,21,132,14,0
1104104,nan,nan,30,1,21,346,14,11,22,132,14,21,346,14,11,21,132,14,0
1106104,nan,nan,32,1,21,346,14,11,21,132,14,20,346,17,17,20,132,42,0
1108104,nan,nan,33,1,18,346,15,17,19,132,42,17,346,16,17,20,132,42,0
1110104,nan,nan,34,1,17,346,16,17,20,132,42,17,346,17,17,19,132,42,0
1112103,nan,nan,34,1,18,346,17,17,19,133,42,19,346,17,17,19,133,42,0
1114104,nan,nan,35,1,18,346,17,17,18,133,42,18,346,17,17,17,133,42,0
1116104,nan,nan,30,1,18,346,14,11,17,133,42,18,346,14,11,16,133,42,0
1118104,nan,nan,39,1,18,346,14,11,15,133,42,19,346,14,11,14,133,42,0
1120104,nan,nan,32,1,20,346,14,11,13,133,42,20,346,14,11,13,133,42,0
1122104,nan,nan,34,1,20,346,14,11,12,133,42,20,346,14,11,12,133,42,0
1124104,nan,nan,31,1,20,346,14,11,14,133,42,20,346,14,11,15,133,42,0
1126104,nan,nan,31,1,21,346,14,11,16,133,42,20,346,14,11,16,133,42,0
1128101,nan,nan,32,1,20,346,14,11,15,133,42,6,34,14,11,15,133,42,0
1130100,nan,nan,31,1,6,34,14,11,14,133,42,6,34,14,17,14,133,42,0
1132197,nan,nan,37,1,21,346,14,17,12,133,42,20,346,14,11,21,26,42,0
1134193,nan,nan,38,1,14,11,21,26,42,18,346,14,11,21,27,42,0,0,0
1136193,nan,nan,35,1,14,11,21,26,42,17,346,14,11,21,26,42,0,0,0
1138192,nan,nan,35,1,21,26,42,16,346,14,11,21,26,42,0,0,0,0,0
1140192,nan,nan,35,1,21,26,42,15,346,14,11,21,26,42,0,0,0,0,0
1142190,nan,nan,35,1,42,15,346,14,11,21,26,42,0,0,0,0,0,0,0
1144189,nan,nan,35,1,42,17,346,14,17,21,26,42,0,0,0,0,0,0,0
1146191,nan,nan,36,1,42,18,346,14,17,21,26,42,0,0,0,0,0,0,0
1148188,nan,nan,31,1,17,346,14,17,21,26,42,0,0,0,0,0,0,0,0
1150191,nan,nan,40,1,17,346,14,17,21,27,42,0,0,0,0,0,0,0,0
1152190,nan,nan,35,1,17,346,14,17,21,27,42,0,0,0,0,0,0,0,0
1154186,nan,nan,31,1,16,346,14,17,21,27,42,0,0,0,0,0,0,0,0
1156188,nan,nan,31,1,16,346,14,17,21,27,42,0,0,0,0,0,0,0,0
1158185,nan,nan,40,1,1,17,346,14,17,21,27,42,0,0,0,0,0,0,0
1160193,nan,nan,35,1,17,346,17,346,14,17,21,26,42,0,0,0,0,0,0
1162196,nan,nan,33,1,17,346,16,346,14,17,21,26,42,16,346,0,0,0,0
1164191,nan,nan,31,1,14,21,16,346,14,17,21,27,42,16,346,0,0,0,0
1166173,nan,nan,31,1,14,17,8024,17,346,14,17,21,26,42,17,346,0,0,0
1168150,nan,nan,31,1,14,17,920,16,346,14,17,21,26,42,15,346,14,17,0
1170124,nan,nan,31,1,21,25,15,346,14,17,21,26,42,15,347,14,17,0,0
1172104,nan,nan,35,1,21,26,15,347,14,17,21,25,42,15,347,14,17,21,25
1174107,nan,nan,35,1,4,920,16,347,14,17,21,25,42,16,347,14,17,21,25
1176101,nan,nan,36,1,42,6,36,14,17,21,24,42,6,36,14,17,21,24,42
1178100,nan,nan,36,1,6,36,14,17,21,24,42,6,36,14,17,21,24,42,0
1180098,nan,nan,35,1,6,35,14,17,21,24,42,6,35,14,17,21,23,42,0
1182098,nan,nan,35,1,6,36,14,17,21,23,42,6,36,14,11,21,24,42,0
1184098,nan,nan,39,1,6,36,14,11,21,24,42,6,36,14,11,21,24,42,0
1186098,nan,nan,36,1,6,36,14,11,21,23,42,6,36,14,11,21,23,42,0
1188098,nan,nan,31,1,6,36,14,11,21,23,42,6,35,14,11,21,22,42,0
1190097,nan,nan,31,1,6,35,14,11,21,23,42,6,36,14,11,21,24,42,0
1192097,nan,nan,31,1,6,35,14,11,21,23,42,6,35,14,11,21,23,42,0
1194098,nan,nan,33,1,6,35,14,11,21,23,42,6,35,14,11,21,22,42,0
1196100,nan,nan,32,1,6,35,14,11,21,22,42,19,347,14,11,21,22,42,0
1198102,nan,nan,34,1,18,347,14,11,21,22,42,17,347,14,11,21,21,42,0
1200102,nan,nan,31,1,18,347,14,11,21,21,42,18,347,14,11,21,22,42,0
1202102,nan,nan,35,1,18,347,14,11,21,22,42,17,347,14,11,21,23,42,0
1204102,nan,nan,34,1,17,347,14,11,21,23,42,18,347,14,11,21,23,42,0
1206102,nan,nan,37,1,18,347,14,11,21,23,42,19,347,14,11,21,23,42,0
1208196,nan,nan,36,1,18,347,14,11,21,24,42,18,347,14,11,21,24,42,0
1210193,nan,nan,37,1,14,11,21,23,42,18,347,14,11,21,23,42,0,0,0
1212193,nan,nan,32,1,14,11,21,23,42,18,347,14,11,21,23,42,0,0,0
1214192,nan,nan,31,1,21,23,42,18,347,14,11,21,22,42,0,0,0,0,0
1216193,nan,nan,34,1,21,23,42,17,347,14,11,21,23,42,0,0,0,0,0
1218190,nan,nan,31,1,42,17,347,14,11,21,23,42,0,0,0,0,0,0,0
1220189,nan,nan,32,1,42,16,347,14,11,21,22,42,0,0,0,0,0,0,0
1222190,nan,nan,32,1,16,347,14,11,21,23,42,0,0,0,0,0,0,0,0
1224190,nan,nan,35,1,18,347,14,11,21,22,42,0,0,0,0,0,0,0,0
1226189,nan,nan,30,1,19,347,14,11,21,23,42,0,0,0,0,0,0,0,0
1228189,nan,nan,34,1,20,347,14,11,21,22,42,0,0,0,0,0,0,0,0
1230187,nan,nan,34,1,20,19,347,14,11,21,21,42,0,0,0,0,0,0,0
1232190,nan,nan,31,1,19,347,14,11,21,20,42,0,0,0,0,0,0,0,0
1234191,nan,nan,31,1,19,347,14,11,21,20,42,0,0,0,0,0,0,0,0
1236191,nan,nan,31,1,20,14,8024,20,347,14,11,21,20,42,0,0,0,0,0
1238196,nan,nan,40,1,20,347,920,21,347,14,11,21,19,42,0,0,0,0,0
1240193,nan,nan,35,1,21,347,22,347,14,11,21,20,42,22,347,0,0,0,0
1242182,nan,nan,36,1,14,22,347,14,11,21,20,42,23,347,0,0,0,0,0
1244156,nan,nan,30,1,14,11,23,347,14,11,21,19,42,23,347,14,11,0,0
1246121,nan,nan,31,1,21,42,23,347,14,11,21,20,42,23,347,14,10,0,0
1248102,nan,nan,34,1,21,19,24,347,14,10,21,20,25,347,14,10,0,0,0
1250106,nan,nan,32,1,21,20,25,347,14,10,21,20,25,347,14,10,21,20,0
1252103,nan,nan,31,1,25,347,14,10,21,21,25,347,14,10,21,21,0,0,0
1254100,nan,nan,33,1,25,347,14,10,21,22,25,347,14,10,21,21,0,0,0
1256099,nan,nan,31,1,25,347,14,10,21,20,25,347,14,10,21,20,0,0,0
1258102,nan,nan,31,1,25,347,14,10,18,134,25,347,14,10,17,134,0,0,0
1260102,nan,nan,33,1,26,347,14,10,17,134,26,347,14,10,17,134,0,0,0
1262102,nan,nan,35,1,26,347,14,10,19,134,26,347,14,10,18,134,0,0,0
1264102,nan,nan,38,1,25,347,14,10,16,134,25,347,14,10,16,134,0,0,0
1266102,nan,nan,39,1,26,347,14,10,14,134,26,347,14,10,12,134,0,0,0
1268100,nan,nan,31,1,26,347,14,10,9,134,26,347,14,17,9,134,0,0,0
1270099,nan,nan,32,1,25,347,14,17,8,134,25,347,14,17,8,134,0,0,0
1272099,nan,nan,32,1,26,347,14,17,8,134,26,347,14,17,21,19,0,0,0
1274100,nan,nan,27,1,26,347,14,17,21,19,26,347,14,17,21,19,0,0,0
1276100,nan,nan,35,1,25,347,14,17,21,21,25,347,14,17,21,20,0,0,0
1278100,nan,nan,31,1,26,347,14,17,21,20,26,347,14,17,21,19,0,0,0
1280100,nan,nan,31,1,26,347,14,17,21,20,25,347,14,17,21,20,0,0,0
1282100,nan,nan,31,1,25,347,14,17,21,20,25,347,14,17,21,21,0,0,0
1284194,nan,nan,34,1,25,347,14,17,21,20,25,347,14,17,21,20,0,0,0
1286190,nan,nan,42,1,14,17,21,20,25,347,14,17,21,20,0,0,0,0,0
1288193,nan,nan,33,1,14,17,21,20,24,347,14,17,21,20,0,0,0,0,0
1290190,nan,nan,32,1,21,20,24,347,14,17,21,20,0,0,0,0,0,0,0
1292190,nan,nan,32,1,21,19,24,347,14,17,21,19,0,0,0,0,0,0,0
1294189,nan,nan,35,1,21,19,23,347,14,17,21,19,0,0,0,0,0,0,0
1296190,nan,nan,36,1,23,347,14,17,21,18,0,0,0,0,0,0,0,0,0
1298189,nan,nan,33,1,24,347,14,17,21,18,0,0,0,0,0,0,0,0,0
1300188,nan,nan,32,1,23,347,14,17,21,18,0,0,0,0,0,0,0,0,0
1302190,nan,nan,35,1,22,347,14,17,21,19,0,0,0,0,0,0,0,0,0
1304187,nan,nan,36,1,23,347,14,17,21,19,0,0,0,0,0,0,0,0,0
1306190,nan,nan,31,1,23,347,14,17,21,19,0,0,0,0,0,0,0,0,0
1308185,nan,nan,28,1,22,347,14,17,21,20,0,0,0,0,0,0,0,0,0
1310189,nan,nan,36,1,21,347,14,17,21,21,0,0,0,0,0,0,0,0,0
1312184,nan,nan,34,1,21,21,348,14,17,21,21,0,0,0,0,0,0,0,0
1314192,nan,nan,31,1,22,348,21,348,14,17,21,20,0,0,0,0,0,0,0
1316195,nan,nan,40,1,22,348,22,348,14,17,18,134,21,348,0,0,0,0,0
1318183,nan,nan,34,1,14,18,19,348,14,17,19,134,19,348,0,0,0,0,0
1320162,nan,nan,32,1,14,17,19,348,14,17,19,134,20,348,0,0,0,0,0
1322137,nan,nan,35,1,14,17,19,348,14,17,21,134,19,348,14,17,0,0,0
1324110,nan,nan,36,1,20,4,20,348,14,17,20,134,19,348,14,17,0,0,0
1326110,nan,nan,39,1,20,134,19,348,14,17,19,134,19,348,14,17,20,134,0
1328109,nan,nan,32,1,19,348,14,17,20,134,19,348,14,17,20,134,0,0,0
1330108,nan,nan,31,1,20,348,14,17,21,134,20,348,14,17,21,134,0,0,0
1332107,nan,nan,31,1,21,348,14,17,21,134,20,348,14,17,21,134,0,0,0
1334105,nan,nan,38,1,21,348,14,10,21,134,21,348,14,10,20,134,0,0,0
1336104,nan,nan,37,1,20,348,14,10,20,134,21,348,14,10,19,134,0,0,0
1338105,nan,nan,32,1,21,348,14,10,19,134,22,348,14,10,19,134,0,0,0
1340105,nan,nan,31,1,21,348,14,10,19,134,22,348,14,10,19,134,0,0,0
1342105,nan,nan,35,1,22,348,14,10,18,134,22,348,14,10,18,134,0,0,0
1344105,nan,nan,34,1,22,348,14,10,17,134,22,348,14,10,17,134,0,0,0
1346105,nan,nan,35,1,22,348,14,10,17,134,22,348,14,10,17,134,0,0,0
1348105,nan,nan,32,1,22,348,14,10,17,134,21,348,14,10,18,134,0,0,0
1350105,nan,nan,32,1,21,348,14,10,18,134,21,348,14,10,17,134,0,0,0
1352103,nan,nan,31,1,22,348,14,10,16,134,22,33,14,10,17,134,0,0,0
1354105,nan,nan,35,1,22,348,14,10,17,134,23,348,14,10,17,134,0,0,0
1356105,nan,nan,36,1,22,348,14,10,16,134,21,348,14,10,16,134,0,0,0
1358104,nan,nan,31,1,22,348,14,10,16,134,22,348,14,10,21,23,0,0,0
1360139,nan,nan,37,1,23,348,14,10,21,23,23,348,14,10,21,24,0,0,0
1362197,nan,nan,38,1,23,348,14,10,21,24,23,348,14,10,21,24,0,0,0
1364191,nan,nan,38,1,21,24,23,348,14,10,21,25,0,0,0,0,0,0,0
1366196,nan,nan,31,1,14,10,21,25,23,348,14,10,18,134,0,0,0,0,0
1368195,nan,nan,40,1,16,134,23,348,14,10,14,134,0,0,0,0,0,0,0
1370194,nan,nan,35,1,14,134,22,348,14,10,21,25,0,0,0,0,0,0,0
1372191,nan,nan,28,1,21,348,14,10,21,25,0,0,0,0,0,0,0,0,0
1374192,nan,nan,31,1,21,348,14,10,21,25,0,0,0,0,0,0,0,0,0
1376192,nan,nan,29,1,22,348,14,10,21,25,0,0,0,0,0,0,0,0,0
1378190,nan,nan,34,1,21,348,14,10,21,25,0,0,0,0,0,0,0,0,0
1380193,nan,nan,30,1,22,348,14,10,21,25,0,0,0,0,0,0,0,0,0
1382194,nan,nan,34,1,21,348,14,10,21,26,0,0,0,0,0,0,0,0,0
1384188,nan,nan,31,1,22,348,14,10,21,26,0,0,0,0,0,0,0,0,0
1386192,nan,nan,31,1,21,348,14,10,21,26,0,0,0,0,0,0,0,0,0
1388188,nan,nan,31,1,23,348,14,10,21,26,0,0,0,0,0,0,0,0,0
1390194,nan,nan,35,1,22,348,23,348,14,10,21,27,0,0,0,0,0,0,0
1392200,nan,nan,35,1,23,348,23,348,14,10,21,27,23,348,0,0,0,0,0
1394187,nan,nan,31,1,14,21,8024,23,348,14,10,21,27,23,348,0,0,0,0
1396165,nan,nan,31,1,14,10,24,348,14,10,21,27,25,348,0,0,0,0,0
1398139,nan,nan,31,1,14,17,25,348,14,17,21,27,25,348,14,10,0,0,0
1400120,nan,nan,32,1,21,13,25,348,14,17,21,26,25,348,14,17,0,0,0
1402109,nan,nan,31,1,21,27,25,348,14,17,21,27,25,348,14,17,21,27,0
1404108,nan,nan,36,1,26,348,14,17,21,27,26,348,14,10,21,27,0,0,0
1406107,nan,nan,34,1,26,348,14,17,21,27,26,348,14,17,21,27,0,0,0
1408106,nan,nan,31,1,26,348,14,17,21,27,26,348,14,17,21,27,0,0,0
1410105,nan,nan,31,1,26,348,14,17,21,27,26,348,14,17,21,27,0,0,0
1412105,nan,nan,33,1,26,348,14,17,21,27,26,348,14,17,21,27,0,0,0
1414105,nan,nan,34,1,25,348,14,17,21,27,25,348,14,17,21,27,0,0,0
1416104,nan,nan,37,1,25,348,14,17,21,27,25,348,14,17,21,27,0,0,0
1418104,nan,nan,31,1,25,348,14,17,21,27,25,348,14,17,21,27,0,0,0
1420105,nan,nan,31,1,25,348,14,17,21,27,25,348,14,17,21,28,0,0,0
1422105,nan,nan,31,1,25,348,14,17,21,27,25,348,14,17,21,27,0,0,0
1424105,nan,nan,31,1,25,348,14,17,21,28,25,348,14,17,21,27,0,0,0
1426105,nan,nan,35,1,25,348,14,17,21,27,25,348,14,17,21,28,0,0,0
1428105,nan,nan,31,1,25,348,14,17,21,28,25,348,14,10,21,27,0,0,0
1430105,nan,nan,35,1,25,348,14,10,21,27,25,348,17,17,21,27,0,0,0
1432104,nan,nan,33,1,25,348,16,17,21,27,25,348,16,17,21,28,0,0,0
1434104,nan,nan,26,1,25,348,15,17,21,27,25,348,14,17,21,27,0,0,0
1436105,nan,nan,27,1,25,348,15,17,21,27,25,348,14,17,21,27,0,0,0
1438199,nan,nan,39,1,25,348,15,17,21,27,25,348,15,17,21,28,0,0,0
1440196,nan,nan,42,1,16,17,21,27,25,348,17,17,21,27,0,0,0,0,0
1442196,nan,nan,36,1,17,17,21,27,25,348,17,17,21,28,0,0,0,0,0
1444196,nan,nan,34,1,21,28,25,348,14,17,21,28,0,0,0,0,0,0,0
1446196,nan,nan,37,1,21,27,25,348,13,17,21,27,0,0,0,0,0,0,0
1448196,nan,nan,28,1,21,27,25,348,10,17,21,27,0,0,0,0,0,0,0
1450192,nan,nan,38,1,25,348,10,17,21,26,0,0,0,0,0,0,0,0,0
1452196,nan,nan,35,1,25,349,11,17,21,26,0,0,0,0,0,0,0,0,0
1454197,nan,nan,32,1,25,349,12,200,21,26,0,0,0,0,0,0,0,0,0
1456195,nan,nan,27,1,25,349,12,200,21,25,0,0,0,0,0,0,0,0,0
1458196,nan,nan,35,1,25,349,12,200,21,25,0,0,0,0,0,0,0,0,0
1460192,nan,nan,35,1,24,24,349,9,200,21,25,0,0,0,0,0,0,0,0
1462195,nan,nan,35,1,24,349,14,17,21,25,0,0,0,0,0,0,0,0,0
1464195,nan,nan,36,1,23,349,14,17,21,25,0,0,0,0,0,0,0,0,0
1466198,nan,nan,31,1,23,14,8024,24,349,14,17,21,25,0,0,0,0,0,0
1468208,nan,nan,35,1,24,349,24,349,14,17,21,25,24,349,0,0,0,0,0
1470200,nan,nan,41,1,1,24,349,14,17,21,25,24,349,0,0,0,0,0,0
1472173,nan,nan,31,1,14,17,24,349,14,10,21,26,23,349,0,0,0,0,0
1474149,nan,nan,31,1,14,10,23,349,14,10,21,25,23,349,14,17,0,0,0
1476124,nan,nan,35,1,21,13,23,349,14,17,21,25,23,349,14,17,0,0,0
1478117,nan,nan,35,1,21,24,23,349,14,17,21,24,23,349,14,17,21,24,0
1480118,nan,nan,41,1,22,349,14,17,21,24,22,349,14,17,21,25,0,0,0
1482112,nan,nan,36,1,22,349,14,17,21,25,6,34,14,17,21,25,0,0,0
1484111,nan,nan,36,1,6,34,14,17,21,25,24,349,14,17,21,24,0,0,0
1486113,nan,nan,32,1,23,349,14,17,21,23,21,349,14,17,21,23,0,0,0
1488113,nan,nan,31,1,21,349,14,17,21,23,20,349,14,17,21,23,0,0,0
1490113,nan,nan,35,1,20,349,14,17,21,23,20,349,14,17,21,23,0,0,0
1492113,nan,nan,31,1,20,349,14,17,21,23,20,349,14,17,21,23,0,0,0
1494113,nan,nan,37,1,19,349,14,17,21,23,20,349,14,17,21,23,0,0,0
1496113,nan,nan,35,1,20,349,14,17,21,23,20,349,14,17,21,23,0,0,0
1498113,nan,nan,31,1,20,349,14,17,21,23,18,349,14,17,21,23,0,0,0
1500112,nan,nan,31,1,19,349,14,17,21,23,19,349,14,17,21,22,0,0,0
1502114,nan,nan,38,1,19,349,14,17,21,22,19,349,14,17,18,135,0,0,0
1504115,nan,nan,31,1,18,349,14,17,17,135,19,349,14,17,17,135,0,0,0
1506115,nan,nan,36,1,20,349,14,17,16,135,20,349,14,17,15,135,0,0,0
1508115,nan,nan,32,1,21,349,14,17,15,135,21,349,14,17,16,135,0,0,0
1510115,nan,nan,32,1,22,349,14,17,17,135,22,349,14,17,19,135,0,0,0
1512115,nan,nan,27,1,22,349,14,17,19,135,22,349,14,17,19,135,0,0,0
1514209,nan,nan,38,1,21,349,14,17,18,135,21,349,14,17,17,135,0,0,0
1516206,nan,nan,39,1,14,17,17,135,22,349,14,17,17,135,0,0,0,0,0
1518208,nan,nan,27,1,14,17,16,135,21,349,14,17,15,135,0,0,0,0,0
1520207,nan,nan,40,1,14,135,20,349,14,17,15,135,0,0,0,0,0,0,0
1522206,nan,nan,32,1,15,135,21,350,14,17,17,135,0,0,0,0,0,0,0
1524205,nan,nan,32,1,21,350,14,17,18,135,0,0,0,0,0,0,0,0,0
1526202,nan,nan,33,1,20,350,14,17,16,135,0,0,0,0,0,0,0,0,0
1528203,nan,nan,32,1,20,350,14,17,21,18,0,0,0,0,0,0,0,0,0
1530203,nan,nan,33,1,20,350,14,17,21,18,0,0,0,0,0,0,0,0,0
1532201,nan,nan,35,1,21,350,14,17,21,18,0,0,0,0,0,0,0,0,0
1534201,nan,nan,40,1,22,350,14,17,21,17,0,0,0,0,0,0,0,0,0
1536201,nan,nan,32,1,22,23,350,14,17,18,135,0,0,0,0,0,0,0,0
1538204,nan,nan,28,1,23,350,14,17,15,135,0,0,0,0,0,0,0,0,0
1540205,nan,nan,38,1,920,24,350,14,17,16,135,0,0,0,0,0,0,0,0
1542209,nan,nan,36,1,23,14,920,24,350,14,10,16,135,0,0,0,0,0,0
1544209,nan,nan,34,1,24,350,25,350,14,10,15,135,25,350,0,0,0,0,0
1546201,nan,nan,37,1,1,16,25,350,14,10,16,135,25,350,0,0,0,0,0
1548177,nan,nan,34,1,14,1,25,350,14,10,14,135,25,350,0,0,0,0,0
1550158,nan,nan,35,1,14,10,25,350,14,10,16,135,25,350,14,10,0,0,0
1552131,nan,nan,36,1,17,19,25,350,14,10,17,135,16,24,350,14,10,0,0
1554118,nan,nan,38,1,17,135,24,350,14,10,18,135,10,24,350,14,10,0,0
1556122,nan,nan,32,1,19,135,24,350,14,10,19,135,12,24,350,14,10,18,135
1558120,nan,nan,36,1,12,25,350,14,10,17,135,11,26,350,14,10,16,135,10
1560117,nan,nan,36,1,26,350,14,10,17,135,9,25,350,14,10,17,135,8,0
1562115,nan,nan,36,1,25,350,14,10,16,135,9,25,350,14,10,14,135,0,0
1564114,nan,nan,28,1,25,350,14,10,14,135,25,350,14,10,14,135,0,0,0
1566115,nan,nan,36,1,24,350,14,10,16,135,24,350,14,10,16,135,0,0,0
1568116,nan,nan,35,1,23,350,14,10,17,135,23,350,14,10,17,135,18,0,0
1570117,nan,nan,38,1,23,350,14,10,18,135,15,23,350,14,10,18,135,10,0
1572116,nan,nan,33,1,24,350,14,10,17,135,10,23,350,14,10,17,135,8,0
1574115,nan,nan,32,1,23,350,14,10,17,135,23,350,14,10,17,135,0,0,0
1576115,nan,nan,36,1,24,350,14,10,17,135,24,350,14,10,16,135,0,0,0
1578115,nan,nan,36,1,24,350,14,10,16,135,24,350,14,10,18,135,0,0,0
1580114,nan,nan,33,1,24,350,14,10,20,135,23,350,14,10,19,135,0,0,0
1582115,nan,nan,36,1,22,350,14,10,19,135,22,350,14,10,19,135,0,0,0
1584115,nan,nan,32,1,22,350,14,10,18,135,22,350,14,10,18,135,0,0,0
1586115,nan,nan,32,1,22,350,14,10,18,135,22,350,14,10,17,135,0,0,0
1588115,nan,nan,41,1,22,350,14,10,17,135,23,350,14,10,17,135,0,0,0
1590209,nan,nan,38,1,22,350,14,10,17,135,22,350,14,10,18,135,0,0,0
1592206,nan,nan,38,1,14,10,19,135,22,350,14,10,19,135,0,0,0,0,0
1594208,nan,nan,38,1,14,10,19,135,23,350,14,10,18,135,0,0,0,0,0
1596205,nan,nan,32,1,19,135,22,350,14,10,18,135,0,0,0,0,0,0,0
1598208,nan,nan,33,1,19,135,22,350,14,10,18,135,0,0,0,0,0,0,0
1600207,nan,nan,32,1,18,135,21,350,14,10,18,135,0,0,0,0,0,0,0
1602203,nan,nan,38,1,22,350,14,10,18,136,0,0,0,0,0,0,0,0,0
1604204,nan,nan,36,1,22,350,14,10,19,136,0,0,0,0,0,0,0,0,0
1606203,nan,nan,32,1,21,350,14,10,20,136,0,0,0,0,0,0,0,0,0
1608202,nan,nan,35,1,21,350,14,10,19,136,0,0,0,0,0,0,0,0,0
1610203,nan,nan,39,1,21,350,14,10,20,136,0,0,0,0,0,0,0,0,0
1612198,nan,nan,32,1,22,350,14,10,20,136,0,0,0,0,0,0,0,0,0
1614204,nan,nan,34,1,22,350,14,10,20,136,0,0,0,0,0,0,0,0,0
1616203,nan,nan,32,1,23,350,14,10,19,136,0,0,0,0,0,0,0,0,0
1618202,nan,nan,36,1,23,14,23,350,14,10,19,136,0,0,0,0,0,0,0
1620206,nan,nan,37,1,23,350,22,350,14,10,20,136,0,0,0,0,0,0,0
1622212,nan,nan,32,1,22,350,920,22,350,14,10,20,136,22,350,0,0,0,0
1624190,nan,nan,37,1,14,21,23,350,14,10,20,136,23,350,0,0,0,0,0
1626166,nan,nan,37,1,14,10,23,350,14,10,20,136,23,350,14,10,0,0,0
1628143,nan,nan,32,1,19,24,350,14,10,18,136,24,350,14,10,0,0,0,0
1630118,nan,nan,36,1,18,136,24,350,14,10,16,136,24,350,14,10,0,0,0
1632120,nan,nan,41,1,17,136,24,350,14,10,17,136,24,350,14,10,17,136,0
1634117,nan,nan,32,1,24,350,14,10,17,136,25,350,14,10,18,136,0,0,0
1636116,nan,nan,37,1,25,350,14,10,18,136,25,350,14,10,16,136,0,0,0
1638115,nan,nan,36,1,25,350,14,10,17,136,25,350,14,10,19,136,0,0,0
1640115,nan,nan,32,1,25,350,14,10,19,136,26,350,14,10,20,136,0,0,0
1642115,nan,nan,32,1,26,350,14,10,18,136,26,350,14,10,19,136,0,0,0
1644114,nan,nan,32,1,26,350,14,10,18,136,26,350,14,10,16,136,0,0,0
1646114,nan,nan,38,1,26,350,14,10,15,136,26,350,14,10,21,23,0,0,0
1648113,nan,nan,38,1,26,350,14,10,21,23,25,350,14,10,21,23,0,0,0
1650113,nan,nan,37,1,25,350,14,10,21,22,25,350,14,10,21,23,0,0,0
1652113,nan,nan,36,1,25,350,14,10,21,24,26,350,14,10,21,23,0,0,0
1654112,nan,nan,32,1,25,350,14,10,21,23,25,32,14,10,21,24,0,0,0
1656113,nan,nan,34,1,26,350,14,10,21,24,26,350,14,10,21,23,0,0,0
1658113,nan,nan,32,1,26,350,14,10,21,23,26,350,14,10,21,23,0,0,0
1660112,nan,nan,37,1,26,350,14,10,21,23,26,350,14,10,21,23,0,0,0
1662113,nan,nan,41,1,27,351,14,10,21,23,27,351,14,10,21,23,0,0,0
1664113,nan,nan,36,1,27,351,14,10,21,23,27,351,14,10,21,22,0,0,0
1666151,nan,nan,32,1,27,351,14,10,21,23,27,351,14,10,21,23,0,0,0
1668207,nan,nan,40,1,27,351,14,10,21,23,28,351,14,10,21,23,0,0,0
1670205,nan,nan,38,1,14,10,21,23,28,351,14,10,20,27,25,0,0,0,0
1672207,nan,nan,32,1,14,10,20,27,25,28,351,14,10,20,27,25,0,0,0
1674208,nan,nan,28,1,20,27,25,27,351,14,10,20,27,25,0,0,0,0,0
1676205,nan,nan,36,1,20,27,25,28,351,18,17,20,27,25,0,0,0,0,0
1678209,nan,nan,32,1,20,27,25,27,351,18,17,20,27,16,0,0,0,0,0
1680204,nan,nan,35,1,15,27,351,17,17,20,27,14,0,0,0,0,0,0,0
1682203,nan,nan,32,1,27,351,17,17,21,21,0,0,0,0,0,0,0,0,0
1684202,nan,nan,32,1,27,351,17,17,21,22,0,0,0,0,0,0,0,0,0
1686202,nan,nan,36,1,27,351,18,17,21,21,0,0,0,0,0,0,0,0,0
1688203,nan,nan,28,1,27,351,16,17,21,21,0,0,0,0,0,0,0,0,0
1690201,nan,nan,36,1,27,27,351,17,17,21,22,0,0,0,0,0,0,0,0
1692201,nan,nan,36,1,26,351,17,17,21,20,0,0,0,0,0,0,0,0,0
1694202,nan,nan,32,1,26,351,18,17,21,21,0,0,0,0,0,0,0,0,0
1696207,nan,nan,32,1,26,17,920,26,351,17,17,21,20,0,0,0,0,0,0
1698205,nan,nan,35,1,26,351,26,351,17,17,21,20,0,0,0,0,0,0,0
1700206,nan,nan,32,1,26,351,26,351,17,17,15,136,27,351,0,0,0,0,0
1702185,nan,nan,36,1,16,26,351,15,17,9,136,26,351,0,0,0,0,0,0
1704161,nan,nan,36,1,14,17,26,351,14,10,8,136,26,351,14,10,0,0,0
1706136,nan,nan,32,1,8,26,351,14,10,9,136,26,351,14,10,0,0,0,0
1708115,nan,nan,37,1,11,136,26,351,14,10,21,21,26,351,14,10,0,0,0
1710119,nan,nan,37,1,21,22,26,351,14,10,21,22,26,351,14,10,21,22,0
1712115,nan,nan,41,1,27,351,14,10,21,23,26,351,14,10,21,24,0,0,0
1714114,nan,nan,35,1,26,351,14,10,21,24,26,351,14,10,21,23,0,0,0
1716115,nan,nan,32,1,26,351,14,10,21,24,26,351,14,10,21,23,39,0,0
1718113,nan,nan,31,1,26,351,14,17,21,24,26,351,14,17,21,24,0,0,0
1720114,nan,nan,36,1,26,351,14,17,21,24,39,26,351,14,10,21,24,0,0
1722113,nan,nan,32,1,25,351,14,10,21,24,26,351,14,10,21,24,0,0,0
1724112,nan,nan,35,1,26,351,14,10,21,24,26,351,14,10,21,24,0,0,0
1726112,nan,nan,41,1,26,34,14,10,21,24,26,351,14,10,21,24,0,0,0
1728113,nan,nan,36,1,26,351,14,10,21,24,26,351,14,10,21,24,0,0,0
1730113,nan,nan,33,1,26,351,14,10,21,24,26,351,14,10,21,24,0,0,0
1732113,nan,nan,32,1,26,351,14,10,21,24,26,351,14,10,21,23,0,0,0
1734112,nan,nan,36,1,27,33,14,10,21,23,26,351,14,10,21,22,0,0,0
1736113,nan,nan,37,1,26,351,15,17,21,21,27,351,14,17,21,22,0,0,0
1738113,nan,nan,33,1,27,351,11,17,21,22,27,351,11,17,21,22,0,0,0
1740111,nan,nan,32,1,27,33,11,199,21,22,26,33,9,17,21,23,16,0,0
1742113,nan,nan,41,1,26,351,14,10,21,23,14,26,33,14,10,21,23,0,0
1744207,nan,nan,37,1,26,33,14,10,21,24,26,351,14,10,21,24,0,0,0
1746204,nan,nan,44,1,14,10,21,25,26,351,14,10,21,24,0,0,0,0,0
1748205,nan,nan,35,1,14,10,21,25,26,351,14,10,21,24,0,0,0,0,0
1750202,nan,nan,32,1,21,24,26,33,14,10,21,24,0,0,0,0,0,0,0
1752204,nan,nan,32,1,21,24,26,351,14,10,21,24,0,0,0,0,0,0,0
1754204,nan,nan,32,1,21,24,26,351,14,10,21,23,0,0,0,0,0,0,0
1756203,nan,nan,36,1,26,33,14,17,21,23,0,0,0,0,0,0,0,0,0
1758201,nan,nan,37,1,26,351,14,17,21,23,0,0,0,0,0,0,0,0,0
1760203,nan,nan,38,1,27,33,14,17,21,23,0,0,0,0,0,0,0,0,0
1762199,nan,nan,32,1,27,351,14,17,21,23,0,0,0,0,0,0,0,0,0
1764201,nan,nan,32,1,27,33,14,17,21,23,0,0,0,0,0,0,0,0,0
1766200,nan,nan,35,1,27,351,14,10,21,23,0,0,0,0,0,0,0,0,0
1768202,nan,nan,35,1,27,351,14,10,21,23,0,0,0,0,0,0,0,0,0
1770203,nan,nan,35,1,27,351,14,17,21,23,0,0,0,0,0,0,0,0,0
1772197,nan,nan,35,1,27,27,351,14,17,21,24,0,0,0,0,0,0,0,0
1774210,nan,nan,35,1,27,351,8024,27,351,14,17,21,23,0,0,0,0,0,0
1776211,nan,nan,31,1,27,351,920,27,32,14,17,21,23,27,351,0,0,0,0
1778196,nan,nan,41,1,14,21,26,351,14,17,21,22,26,351,0,0,0,0,0
1780169,nan,nan,36,1,14,17,8024,26,351,14,17,21,22,26,351,0,0,0,0
1782151,nan,nan,32,1,14,17,26,351,14,17,21,22,26,351,14,17,0,0,0
1784121,nan,nan,36,1,21,26,351,14,17,21,21,25,351,14,17,0,0,0,0
1786122,nan,nan,32,1,21,21,24,351,14,17,20,136,24,351,14,17,19,136,0
1788118,nan,nan,37,1,24,32,14,17,18,136,24,32,14,10,18,136,0,0,0
1790120,nan,nan,38,1,25,351,14,17,18,136,24,351,19,17,18,136,0,0,0
1792119,nan,nan,32,1,24,351,18,17,18,136,24,351,15,17,19,136,0,0,0
1794118,nan,nan,36,1,24,351,15,17,19,136,23,33,13,199,19,136,0,0,0
1796120,nan,nan,29,1,23,351,14,199,18,136,22,351,14,199,18,136,0,0,0
1798120,nan,nan,32,1,22,351,13,199,17,136,22,351,14,199,17,136,0,0,0
1800120,nan,nan,35,1,21,351,14,199,17,136,22,351,15,199,17,136,0,0,0
1802120,nan,nan,36,1,22,352,16,199,17,136,21,352,16,199,17,136,0,0,0
1804120,nan,nan,32,1,21,352,16,199,16,136,20,352,16,199,16,136,0,0,0
1806119,nan,nan,32,1,20,352,16,198,16,136,21,352,15,198,16,136,0,0,0
1808120,nan,nan,39,1,22,352,14,198,15,136,22,352,14,198,14,136,0,0,0
1810118,nan,nan,37,1,22,352,14,17,12,136,22,352,14,17,14,136,0,0,0
1812118,nan,nan,36,1,22,352,14,17,15,136,21,352,14,17,14,137,0,0,0
1814116,nan,nan,34,1,21,352,14,17,21,23,21,352,14,20,21,23,0,0,0
1816116,nan,nan,32,1,22,352,14,17,21,23,23,352,14,17,21,23,0,0,0
1818118,nan,nan,37,1,22,352,14,10,20,26,25,22,352,14,10,20,26,25,0
1820172,nan,nan,32,1,22,352,14,10,20,26,25,22,352,14,10,20,26,25,0
1822212,nan,nan,42,1,22,352,14,10,20,26,25,23,352,14,10,20,26,25,0
1824205,nan,nan,39,1,21,23,22,352,14,10,21,23,0,0,0,0,0,0,0
1826208,nan,nan,36,1,14,10,21,23,22,352,14,10,21,24,0,0,0,0,0
1828209,nan,nan,35,1,21,24,22,352,14,10,21,24,0,0,0,0,0,0,0
1830207,nan,nan,32,1,21,24,22,352,14,10,21,25,0,0,0,0,0,0,0
1832208,nan,nan,35,1,21,24,23,352,14,10,21,24,0,0,0,0,0,0,0
1834205,nan,nan,33,1,24,352,14,10,21,24,0,0,0,0,0,0,0,0,0
1836207,nan,nan,28,1,25,352,14,10,21,24,0,0,0,0,0,0,0,0,0
1838204,nan,nan,29,1,25,352,14,10,21,25,0,0,0,0,0,0,0,0,0
1840204,nan,nan,32,1,26,352,14,10,21,25,0,0,0,0,0,0,0,0,0
1842206,nan,nan,32,1,26,352,14,10,21,25,0,0,0,0,0,0,0,0,0
1844203,nan,nan,41,1,26,26,352,14,10,21,25,0,0,0,0,0,0,0,0
1846207,nan,nan,32,1,26,352,14,10,21,25,0,0,0,0,0,0,0,0,0
1848205,nan,nan,35,1,26,352,14,10,21,25,0,0,0,0,0,0,0,0,0
1850211,nan,nan,32,1,26,2,141,8024,26,352,14,10,21,25,0,0,0,0,0
1852213,nan,nan,32,1,26,352,26,34,14,10,21,24,26,352,0,0,0,0,0
1854204,nan,nan,36,1,1,21,26,352,14,10,21,25,26,352,0,0,0,0,0
1856187,nan,nan,37,1,18,17,27,352,16,17,21,24,27,352,0,0,0,0,0
1858162,nan,nan,32,1,13,17,27,352,10,17,21,24,28,352,8,17,0,0,0
1860127,nan,nan,32,1,21,28,352,14,10,21,23,28,34,14,10,0,0,0,0
1862121,nan,nan,32,1,21,23,28,352,14,10,21,23,29,352,14,10,0,0,0
1864124,nan,nan,28,1,21,22,29,352,14,10,21,23,29,352,14,10,21,23,0
1866119,nan,nan,36,1,29,34,22,17,21,23,29,352,19,17,21,24,0,0,0
1868118,nan,nan,32,1,29,352,11,17,21,23,29,352,9,17,21,23,0,0,0
1870115,nan,nan,38,1,29,34,8,17,21,22,29,352,14,10,21,22,0,0,0
1872118,nan,nan,37,1,30,352,14,10,21,22,30,352,14,10,21,22,0,0,0
1874118,nan,nan,32,1,30,352,14,10,21,22,30,352,14,10,21,21,0,0,0
1876118,nan,nan,32,1,30,352,14,10,21,21,30,352,14,10,21,21,0,0,0
1878117,nan,nan,36,1,30,352,14,10,21,21,30,33,14,10,21,21,0,0,0
1880118,nan,nan,32,1,30,352,14,10,21,22,30,352,14,10,21,22,0,0,0
1882118,nan,nan,41,1,30,352,17,17,21,21,30,352,16,17,21,21,0,0,0
1884118,nan,nan,37,1,30,352,14,17,21,21,30,352,15,17,21,20,0,0,0
1886117,nan,nan,32,1,30,352,15,17,21,21,30,352,15,17,21,21,0,0,0
1888117,nan,nan,32,1,30,352,14,10,21,21,30,32,14,10,21,20,0,0,0
1890118,nan,nan,32,1,30,352,14,10,21,19,30,352,14,10,21,19,0,0,0
1892118,nan,nan,34,1,30,352,14,10,21,19,30,352,14,10,21,19,0,0,0
1894118,nan,nan,32,1,30,352,14,10,21,19,30,352,14,10,21,20,0,0,0
1896117,nan,nan,37,1,30,352,14,10,21,20,30,33,14,10,21,20,0,0,0
1898210,nan,nan,38,1,30,33,14,10,21,20,30,33,14,10,21,19,0,0,0
1900209,nan,nan,39,1,14,10,21,18,30,32,14,10,21,18,0,0,0,0,0
1902210,nan,nan,34,1,14,17,21,18,29,352,14,17,21,18,0,0,0,0,0
1904208,nan,nan,33,1,21,19,29,352,14,17,21,19,0,0,0,0,0,0,0
1906211,nan,nan,36,1,21,19,29,352,14,17,17,137,0,0,0,0,0,0,0
1908211,nan,nan,40,1,15,137,29,352,14,17,13,137,0,0,0,0,0,0,0
1910209,nan,nan,32,1,29,352,14,17,12,137,0,0,0,0,0,0,0,0,0
1912207,nan,nan,32,1,29,352,14,17,9,137,0,0,0,0,0,0,0,0,0
1914210,nan,nan,36,1,29,352,14,17,11,137,0,0,0,0,0,0,0,0,0
1916207,nan,nan,32,1,29,352,14,17,15,137,0,0,0,0,0,0,0,0,0
1918209,nan,nan,34,1,29,352,14,17,15,137,0,0,0,0,0,0,0,0,0
1920206,nan,nan,33,1,29,33,14,17,19,137,0,0,0,0,0,0,0,0,0
1922206,nan,nan,32,1,29,352,14,17,19,137,0,0,0,0,0,0,0,0,0
1924209,nan,nan,32,1,28,352,14,17,19,137,0,0,0,0,0,0,0,0,0
1926204,nan,nan,35,1,29,29,34,14,17,18,137,0,0,0,0,0,0,0,0
1928211,nan,nan,36,1,29,352,29,352,14,17,20,137,0,0,0,0,0,0,0
1930215,nan,nan,37,1,29,352,29,352,14,17,18,137,29,352,0,0,0,0,0
1932207,nan,nan,37,1,14,18,8024,29,352,14,17,18,137,29,352,0,0,0,0
1934181,nan,nan,32,1,14,17,29,352,14,17,19,137,29,352,0,0,0,0,0
1936159,nan,nan,34,1,14,17,29,352,17,17,19,137,29,352,16,16,0,0,0
1938134,nan,nan,32,1,19,29,352,15,17,19,137,29,352,14,17,0,0,0,0
1940129,nan,nan,37,1,19,137,29,352,14,17,19,137,29,352,10,17,19,137,0
1942127,nan,nan,32,1,30,353,10,17,18,137,30,353,12,17,18,137,0,0,0
1944128,nan,nan,37,1,30,353,13,17,18,137,30,353,13,17,17,137,0,0,0
1946126,nan,nan,32,1,30,353,12,17,16,137,30,353,13,17,16,137,0,0,0
1948125,nan,nan,37,1,29,353,13,17,17,137,30,353,14,17,17,137,0,0,0
1950125,nan,nan,35,1,30,353,13,17,17,137,30,353,13,17,18,137,0,0,0
1952123,nan,nan,33,1,30,353,12,17,18,137,30,353,14,9,17,137,0,0,0
1954123,nan,nan,32,1,30,353,14,9,16,137,30,353,14,9,16,137,0,0,0
1956125,nan,nan,34,1,30,353,17,17,16,137,30,353,16,17,17,137,0,0,0
1958125,nan,nan,36,1,31,353,13,17,17,137,31,353,11,17,17,137,0,0,0
1960125,nan,nan,37,1,31,353,10,18,18,137,30,353,11,18,18,137,0,0,0
1962125,nan,nan,41,1,30,353,13,18,18,137,30,353,14,18,16,137,0,0,0
1964126,nan,nan,32,1,31,353,13,18,15,137,31,353,13,197,13,137,0,0,0
1966127,nan,nan,36,1,31,353,12,197,12,137,31,353,11,197,11,137,0,0,0
1968125,nan,nan,37,1,31,353,11,197,12,137,31,353,12,17,15,137,0,0,0
1970125,nan,nan,29,1,31,353,11,18,14,137,31,353,10,17,13,137,0,0,0
1972125,nan,nan,32,1,31,353,10,18,14,137,31,353,10,18,14,137,0,0,0
1974198,nan,nan,36,1,31,353,10,18,15,137,31,353,14,17,21,16,0,0,0
1976214,nan,nan,39,1,14,17,21,17,31,353,14,17,21,17,0,0,0,0,0
1978214,nan,nan,43,1,14,17,21,18,30,353,14,17,21,18,0,0,0,0,0
1980217,nan,nan,35,1,14,17,21,16,31,353,14,17,21,17,0,0,0,0,0
1982216,nan,nan,32,1,21,17,30,353,14,17,21,16,0,0,0,0,0,0,0
1984212,nan,nan,32,1,31,353,14,17,21,18,0,0,0,0,0,0,0,0,0
1986214,nan,nan,32,1,30,353,14,18,21,18,0,0,0,0,0,0,0,0,0
1988211,nan,nan,34,1,31,353,14,19,21,18,0,0,0,0,0,0,0,0,0
1990212,nan,nan,32,1,31,353,14,18,21,18,0,0,0,0,0,0,0,0,0
1992215,nan,nan,42,1,31,353,14,18,21,18,0,0,0,0,0,0,0,0,0
1994213,nan,nan,41,1,31,353,14,18,21,20,0,0,0,0,0,0,0,0,0
1996213,nan,nan,36,1,31,353,14,18,21,18,0,0,0,0,0,0,0,0,0
1998208,nan,nan,32,1,31,353,14,19,21,19,0,0,0,0,0,0,0,0,0
2000211,nan,nan,34,1,31,353,14,17,21,19,0,0,0,0,0,0,0,0,0
2002213,nan,nan,38,1,31,31,353,14,17,21,17,0,0,0,0,0,0,0,0
2004215,nan,nan,32,1,31,35,7,920,31,33,14,17,21,17,0,0,0,0,0
2006217,nan,nan,33,1,31,34,31,34,14,17,19,137,31,34,0,0,0,0,0
2008214,nan,nan,32,1,14,19,31,34,14,17,19,137,31,34,0,0,0,0,0
2010193,nan,nan,34,1,17,16,31,353,17,15,20,137,31,353,0,0,0,0,0
2012170,nan,nan,35,1,17,16,31,353,17,16,21,137,31,353,17,17,0,0,0
2014147,nan,nan,36,1,19,31,353,15,16,20,137,31,353,14,16,0,0,0,0
2016128,nan,nan,34,1,19,137,30,353,12,16,18,137,30,353,11,17,0,0,0
2018129,nan,nan,37,1,18,137,31,353,14,17,19,137,31,34,14,17,20,137,0
2020127,nan,nan,32,1,30,34,14,17,20,137,30,353,14,17,20,137,0,0,0
2022125,nan,nan,37,1,30,353,14,17,20,137,30,353,14,17,20,138,0,0,0
2024124,nan,nan,32,1,29,33,14,17,21,138,29,353,14,17,21,138,0,0,0
2026125,nan,nan,32,1,29,353,14,17,20,138,28,353,14,17,20,138,0,0,0
2028123,nan,nan,36,1,28,33,14,17,20,138,28,34,14,17,20,138,0,0,0
2030123,nan,nan,32,1,28,33,14,17,20,138,27,33,14,17,20,138,0,0,0
2032122,nan,nan,39,1,27,33,14,17,19,138,28,33,14,17,19,138,0,0,0
2034124,nan,nan,34,1,28,353,14,17,20,138,28,33,14,17,19,138,0,0,0
2036123,nan,nan,34,1,28,33,14,17,19,138,28,32,14,17,19,138,0,0,0
2038125,nan,nan,33,1,28,353,14,17,20,138,27,353,14,17,20,138,0,0,0
2040124,nan,nan,32,1,28,353,14,17,20,138,27,32,14,17,21,138,0,0,0
2042125,nan,nan,38,1,27,353,14,17,21,138,27,353,14,17,20,138,0,0,0
2044124,nan,nan,30,1,27,353,14,17,20,138,28,32,14,17,20,138,0,0,0
2046124,nan,nan,41,1,28,353,14,17,21,138,27,32,14,17,19,138,0,0,0
2048124,nan,nan,36,1,28,353,14,17,19,138,28,353,14,17,20,138,0,0,0
2050125,nan,nan,32,1,28,353,14,17,20,138,28,353,14,17,21,138,0,0,0
2052220,nan,nan,39,1,28,353,14,17,21,138,28,353,14,17,20,138,0,0,0
2054217,nan,nan,44,1,14,17,19,138,28,353,14,17,19,138,0,0,0,0,0
2056217,nan,nan,36,1,14,17,19,138,27,353,14,17,19,138,0,0,0,0,0
2058217,nan,nan,42,1,18,138,27,353,14,17,18,138,0,0,0,0,0,0,0
2060217,nan,nan,34,1,17,138,27,353,14,17,17,138,0,0,0,0,0,0,0
2062213,nan,nan,33,1,26,353,14,17,15,138,0,0,0,0,0,0,0,0,0
2064215,nan,nan,32,1,26,353,14,17,17,138,0,0,0,0,0,0,0,0,0
2066213,nan,nan,35,1,26,353,14,17,18,138,0,0,0,0,0,0,0,0,0
2068213,nan,nan,37,1,27,31,14,17,17,138,0,0,0,0,0,0,0,0,0
2070212,nan,nan,37,1,28,31,14,17,17,138,0,0,0,0,0,0,0,0,0
2072215,nan,nan,36,1,27,353,14,17,17,138,0,0,0,0,0,0,0,0,0
2074212,nan,nan,28,1,27,8024,27,31,14,9,21,24,0,0,0,0,0,0,0
2076213,nan,nan,32,1,27,353,14,9,21,18,0,0,0,0,0,0,0,0,0
2078212,nan,nan,32,1,28,353,14,9,21,18,0,0,0,0,0,0,0,0,0
2080215,nan,nan,33,1,28,14,8024,28,353,14,9,21,17,0,0,0,0,0,0
2082215,nan,nan,32,1,28,353,28,31,14,9,21,18,0,0,0,0,0,0,0
2084211,nan,nan,36,1,28,354,28,31,14,9,21,18,28,31,0,0,0,0,0
2086194,nan,nan,37,1,14,28,31,14,9,21,16,29,32,0,0,0,0,0,0
2088167,nan,nan,36,1,14,9,29,31,14,9,21,17,29,31,14,9,0,0,0
2090147,nan,nan,37,1,21,29,354,14,9,21,19,29,354,14,9,0,0,0,0
2092123,nan,nan,35,1,21,18,29,354,14,9,21,19,30,354,14,9,0,0,0
2094125,nan,nan,38,1,21,19,30,354,14,9,21,18,30,31,14,9,21,24,0
2096122,nan,nan,32,1,30,31,14,9,21,17,30,354,14,9,21,17,0,0,0
2098123,nan,nan,32,1,30,354,14,9,21,17,30,354,14,9,21,18,0,0,0
2100120,nan,nan,32,1,30,354,14,9,21,18,31,31,14,9,21,19,0,0,0
2102121,nan,nan,34,1,30,31,14,9,18,138,30,31,14,9,16,138,0,0,0
2104122,nan,nan,42,1,30,354,14,9,15,138,30,31,14,9,15,138,0,0,0
2106124,nan,nan,36,1,31,31,14,17,16,138,31,354,14,17,17,138,0,0,0
2108124,nan,nan,28,1,31,354,14,17,16,138,31,31,14,17,16,138,0,0,0
2110125,nan,nan,32,1,31,354,14,17,17,138,31,354,14,17,17,138,0,0,0
2112124,nan,nan,29,1,31,354,14,17,16,138,31,354,14,17,18,22,25,0,0
2114125,nan,nan,40,1,32,354,14,17,18,22,25,32,354,14,17,18,22,25,0
2116125,nan,nan,35,1,32,354,14,17,17,22,25,32,354,14,17,20,24,25,0
2118125,nan,nan,40,1,31,354,14,17,20,24,25,31,354,14,17,20,24,25,0
2120125,nan,nan,32,1,31,354,14,17,20,24,25,31,354,14,17,20,24,25,0
2122124,nan,nan,37,1,31,31,14,17,20,24,25,31,354,14,17,20,24,25,0
2124124,nan,nan,32,1,31,354,14,17,20,24,25,31,31,14,17,20,24,25,0
2126121,nan,nan,32,1,31,31,17,15,21,19,31,354,15,15,21,18,0,0,0
2128202,nan,nan,35,1,31,354,13,16,21,18,31,354,12,17,21,18,0,0,0
2130214,nan,nan,40,1,11,16,21,18,30,30,14,17,21,18,0,0,0,0,0
2132215,nan,nan,35,1,14,17,21,19,30,354,14,17,21,19,0,0,0,0,0
2134215,nan,nan,31,1,14,17,21,19,30,354,14,17,21,18,0,0,0,0,0
2136218,nan,nan,41,1,19,138,30,354,14,17,18,138,0,0,0,0,0,0,0
2138218,nan,nan,32,1,17,138,30,354,14,17,17,138,0,0,0,0,0,0,0
2140214,nan,nan,33,1,30,354,14,9,18,138,0,0,0,0,0,0,0,0,0
2142213,nan,nan,32,1,30,354,14,9,18,138,0,0,0,0,0,0,0,0,0
2144214,nan,nan,36,1,30,354,14,9,18,138,0,0,0,0,0,0,0,0,0
2146214,nan,nan,34,1,30,354,14,9,18,138,0,0,0,0,0,0,0,0,0
2148214,nan,nan,37,1,30,354,14,9,17,138,0,0,0,0,0,0,0,0,0
2150214,nan,nan,32,1,30,354,14,9,18,138,0,0,0,0,0,0,0,0,0
2152209,nan,nan,33,1,30,354,14,9,18,138,0,0,0,0,0,0,0,0,0
2154214,nan,nan,37,1,30,354,14,9,16,138,0,0,0,0,0,0,0,0,0
2156213,nan,nan,32,1,30,354,14,9,17,138,0,0,0,0,0,0,0,0,0
2158219,nan,nan,36,1,30,2,142,8024,30,354,14,9,16,138,0,0,0,0,0
2160222,nan,nan,32,1,30,354,30,354,14,17,17,138,30,354,0,0,0,0,0
2162213,nan,nan,39,1,14,17,29,354,14,17,16,138,29,354,0,0,0,0,0
2164188,nan,nan,36,1,14,17,1,29,354,14,17,17,138,29,354,0,0,0,0
2166165,nan,nan,32,1,14,17,8024,29,354,14,17,16,138,29,354,14,17,0,0
2168139,nan,nan,36,1,16,29,354,14,17,17,138,29,354,14,17,0,0,0,0
2170127,nan,nan,33,1,16,138,29,354,14,17,15,138,29,354,14,17,0,0,0
2172130,nan,nan,32,1,16,138,29,354,14,17,15,138,29,354,14,17,15,138,0
2174127,nan,nan,35,1,29,354,14,17,13,138,30,354,14,17,13,138,0,0,0
2176125,nan,nan,32,1,30,354,14,17,14,138,30,354,14,17,13,138,0,0,0
2178125,nan,nan,32,1,30,354,14,17,12,138,29,354,14,17,13,138,0,0,0
2180123,nan,nan,36,1,29,354,14,17,21,20,29,354,14,17,21,20,0,0,0
2182123,nan,nan,33,1,29,354,14,17,21,20,29,354,14,17,21,20,0,0,0
2184123,nan,nan,36,1,29,354,14,17,21,20,30,354,14,17,21,20,0,0,0
2186123,nan,nan,37,1,29,354,14,17,21,19,29,354,14,17,21,19,0,0,0
2188123,nan,nan,32,1,29,354,14,17,21,20,29,354,14,17,21,20,0,0,0
2190123,nan,nan,32,1,30,354,14,17,21,20,30,354,14,17,21,20,0,0,0
2192122,nan,nan,34,1,30,354,14,17,21,20,29,354,14,17,21,20,0,0,0
2194123,nan,nan,32,1,29,354,14,17,21,21,29,354,14,17,21,22,0,0,0
2196123,nan,nan,33,1,29,354,14,17,21,21,29,354,14,17,21,22,0,0,0
2198123,nan,nan,36,1,29,354,14,17,21,22,29,354,14,17,21,21,0,0,0
2200123,nan,nan,32,1,29,354,14,17,21,22,29,354,14,17,21,22,0,0,0
2202122,nan,nan,32,1,29,354,14,17,21,21,29,354,14,9,21,22,0,0,0
2204121,nan,nan,37,1,29,354,14,9,21,22,29,354,14,9,21,22,0,0,0
2206216,nan,nan,39,1,29,354,14,9,21,22,29,354,14,9,21,21,0,0,0
2208212,nan,nan,36,1,14,9,21,21,30,354,14,9,21,20,0,0,0,0,0
2210213,nan,nan,28,1,14,9,21,20,30,354,14,9,21,19,0,0,0,0,0
2212212,nan,nan,33,1,21,19,30,354,14,9,21,19,0,0,0,0,0,0,0
2214215,nan,nan,36,1,21,19,30,354,14,9,21,19,0,0,0,0,0,0,0
2216214,nan,nan,34,1,21,19,30,354,14,9,21,18,0,0,0,0,0,0,0
2218212,nan,nan,35,1,30,354,14,9,21,17,0,0,0,0,0,0,0,0,0
2220211,nan,nan,38,1,30,354,14,9,21,14,0,0,0,0,0,0,0,0,0
2222212,nan,nan,36,1,30,355,14,9,21,15,0,0,0,0,0,0,0,0,0
2224212,nan,nan,32,1,30,355,14,9,21,17,0,0,0,0,0,0,0,0,0
2226214,nan,nan,37,1,31,355,14,17,21,17,0,0,0,0,0,0,0,0,0
2228212,nan,nan,32,1,30,31,355,14,17,21,17,0,0,0,0,0,0,0,0
2230213,nan,nan,39,1,31,355,14,17,21,16,0,0,0,0,0,0,0,0,0
2232213,nan,nan,34,1,30,355,14,17,21,16,0,0,0,0,0,0,0,0,0
2234216,nan,nan,32,1,30,14,8024,31,355,14,17,21,16,0,0,0,0,0,0
2236215,nan,nan,32,1,30,355,30,355,14,9,21,17,0,0,0,0,0,0,0
2238220,nan,nan,32,1,30,355,920,31,355,14,17,21,15,31,355,0,0,0,0
2240192,nan,nan,38,1,14,19,22,31,355,14,9,21,13,31,355,0,0,0,0
2242167,nan,nan,32,1,14,9,31,355,14,9,21,15,31,355,14,9,0,0,0
2244143,nan,nan,33,1,21,31,355,14,17,21,15,31,355,14,9,0,0,0,0
2246128,nan,nan,33,1,21,15,31,355,14,17,16,138,31,355,14,17,0,0,0
2248129,nan,nan,37,1,16,138,31,355,14,17,15,138,31,355,14,9,15,138,0
2250127,nan,nan,32,1,31,355,14,17,15,138,31,355,14,17,15,138,0,0,0
2252126,nan,nan,36,1,31,355,14,17,14,138,31,355,14,17,16,138,0,0,0
2254125,nan,nan,37,1,31,355,14,17,14,138,30,355,14,17,16,138,0,0,0
2256123,nan,nan,32,1,30,355,14,17,15,138,31,355,14,17,21,18,0,0,0
2258123,nan,nan,32,1,30,355,14,17,21,18,30,355,14,17,21,17,0,0,0
2260123,nan,nan,35,1,30,355,14,17,21,16,30,355,14,17,21,16,0,0,0
2262125,nan,nan,36,1,30,355,14,17,18,138,30,355,14,17,17,138,0,0,0
2264125,nan,nan,34,1,30,355,14,17,16,138,30,355,14,17,15,138,0,0,0
2266125,nan,nan,41,1,30,355,14,17,15,138,30,355,14,17,14,138,0,0,0
2268125,nan,nan,34,1,30,355,14,17,15,138,30,355,14,17,14,138,0,0,0
2270125,nan,nan,32,1,30,355,14,17,15,138,30,355,14,17,16,138,0,0,0
2272124,nan,nan,32,1,29,355,14,17,16,138,29,355,14,17,15,138,0,0,0
2274128,nan,nan,37,1,29,355,14,17,14,138,15,29,355,14,17,14,138,12,0
2276125,nan,nan,36,1,29,355,14,17,21,15,11,29,355,14,17,21,13,11,0
2278125,nan,nan,34,1,29,355,14,17,21,10,11,29,355,14,17,21,10,11,0
2280124,nan,nan,32,1,29,355,14,17,21,11,11,29,355,14,17,21,10,8,0
2282218,nan,nan,37,1,29,355,14,17,21,10,8,28,355,14,17,21,10,0,0
2284213,nan,nan,42,1,14,17,21,8,28,355,14,17,21,9,0,0,0,0,0
2286214,nan,nan,37,1,14,17,21,9,28,355,14,17,21,11,0,0,0,0,0
2288214,nan,nan,39,1,21,13,28,355,14,17,21,13,0,0,0,0,0,0,0
2290214,nan,nan,36,1,21,13,27,355,14,17,21,12,0,0,0,0,0,0,0
2292215,nan,nan,32,1,21,12,27,356,14,17,21,12,0,0,0,0,0,0,0
2294215,nan,nan,32,1,28,356,14,17,21,12,0,0,0,0,0,0,0,0,0
2296214,nan,nan,33,1,27,356,14,17,21,11,0,0,0,0,0,0,0,0,0
2298212,nan,nan,36,1,28,356,14,17,21,12,0,0,0,0,0,0,0,0,0
2300212,nan,nan,36,1,28,356,14,17,21,10,0,0,0,0,0,0,0,0,0
2302213,nan,nan,34,1,27,356,14,17,21,10,0,0,0,0,0,0,0,0,0
2304208,nan,nan,33,1,27,356,14,17,21,24,0,0,0,0,0,0,0,0,0
2306209,nan,nan,37,1,27,356,14,17,21,24,0,0,0,0,0,0,0,0,0
2308212,nan,nan,37,1,27,356,14,17,21,12,0,0,0,0,0,0,0,0,0
2310210,nan,nan,34,1,27,27,356,14,17,21,11,0,0,0,0,0,0,0,0
2312217,nan,nan,32,1,27,356,28,356,14,17,21,9,0,0,0,0,0,0,0
2314222,nan,nan,36,1,28,356,8024,28,356,14,17,21,12,28,356,0,0,0,0
2316204,nan,nan,37,1,14,21,8024,28,356,14,17,21,13,28,356,0,0,0,0
2318181,nan,nan,36,1,14,17,28,356,14,17,21,16,27,356,0,0,0,0,0
2320157,nan,nan,32,1,14,17,920,28,356,14,17,21,16,28,356,14,17,0,0
2322131,nan,nan,38,1,21,13,28,356,14,17,21,15,28,356,14,17,0,0,0
2324127,nan,nan,41,1,21,15,28,356,14,17,21,15,28,356,14,17,21,15,0
2326127,nan,nan,37,1,28,356,14,17,21,15,28,356,14,17,21,16,0,0,0
2328125,nan,nan,32,1,27,356,14,17,21,16,27,356,14,17,21,17,0,0,0
2330123,nan,nan,32,1,27,356,14,17,21,17,27,356,14,17,21,17,0,0,0
2332123,nan,nan,41,1,27,356,14,17,21,16,27,356,14,17,21,16,0,0,0
2334123,nan,nan,34,1,27,356,14,17,21,16,27,356,14,17,21,15,0,0,0
2336122,nan,nan,32,1,27,356,14,17,21,16,27,356,14,17,21,17,0,0,0
2338123,nan,nan,32,1,27,356,14,17,21,17,28,356,14,17,21,16,0,0,0
2340123,nan,nan,37,1,27,356,14,17,21,17,28,356,14,17,21,17,0,0,0
2342123,nan,nan,36,1,28,356,14,17,21,16,28,356,14,17,21,15,0,0,0
2344123,nan,nan,34,1,28,356,14,17,21,13,28,356,14,17,21,14,0,0,0
2346123,nan,nan,32,1,29,356,14,17,21,14,25,356,14,17,21,12,0,0,0
2348123,nan,nan,41,1,28,16,14,17,21,12,15,27,12,14,17,21,11,13,0
2350121,nan,nan,40,1,26,16,14,17,21,14,12,32,356,14,9,21,17,0,0
2352120,nan,nan,33,1,32,356,14,9,21,20,31,356,14,9,21,19,0,0,0
2354122,nan,nan,36,1,34,356,14,9,21,18,29,356,14,17,21,21,0,0,0
2356121,nan,nan,31,1,28,356,14,9,21,23,27,356,14,9,21,25,0,0,0
2358121,nan,nan,34,1,27,356,14,9,21,25,25,356,14,9,21,23,0,0,0
2360219,nan,nan,36,1,23,356,14,9,17,139,20,356,14,9,18,139,22,0,0
2362216,nan,nan,41,1,14,19,21,22,18,356,16,17,21,24,21,0,0,0,0
2364220,nan,nan,38,1,15,14,21,139,18,14,356,13,12,18,139,12,0,0,0
2366217,nan,nan,40,1,15,139,9,17,356,9,17,14,139,9,0,0,0,0,0
2368212,nan,nan,35,1,9,6,16,14,17,12,139,9,0,0,0,0,0,0,0
2370216,nan,nan,30,1,21,356,8,195,13,139,12,0,0,0,0,0,0,0,0
2372215,nan,nan,30,1,12,29,356,14,195,21,18,0,0,0,0,0,0,0,0
2374215,nan,nan,31,1,25,356,11,195,21,17,0,0,0,0,0,0,0,0,0
2376218,nan,nan,27,1,20,356,10,195,16,139,16,0,0,0,0,0,0,0,0
2378216,nan,nan,34,1,36,356,14,195,12,139,12,0,0,0,0,0,0,0,0
2380211,nan,nan,30,1,6,12,9,195,9,139,23,0,0,0,0,0,0,0,0
2382212,nan,nan,30,1,24,22,356,8,195,9,139,18,0,0,0,0,0,0,0
2384215,nan,nan,26,1,19,356,8,195,9,139,14,0,0,0,0,0,0,0,0
2386208,nan,nan,27,1,20,19,14,17,21,16,14,0,0,0,0,0,0,0,0
2388216,nan,nan,39,1,19,19,1,19,19,14,17,21,16,15,0,0,0,0,0
2390217,nan,nan,26,1,19,20,19,20,14,17,21,15,16,20,21,0,0,0,0
2392207,nan,nan,29,1,14,21,8024,20,21,14,9,21,16,15,20,21,0,0,0
2394182,nan,nan,31,1,14,9,8024,20,20,14,9,21,17,15,20,21,0,0,0
2396154,nan,nan,25,1,14,9,19,21,14,9,21,16,16,19,20,14,9,0,0
2398130,nan,nan,29,1,21,1,18,21,14,9,21,14,16,17,21,14,9,0,0
2400122,nan,nan,29,1,21,14,18,21,14,9,21,13,15,17,21,14,9,21,13
2402124,nan,nan,25,1,16,17,21,14,9,21,13,16,16,21,14,9,21,13,17
2404123,nan,nan,33,1,15,22,14,9,21,13,17,16,22,14,9,21,14,17,0
2406121,nan,nan,28,1,17,22,14,9,21,14,18,17,22,14,9,21,13,18,0
2408121,nan,nan,29,1,15,22,14,9,21,12,18,15,23,14,9,21,11,18,0
2410121,nan,nan,26,1,16,22,14,9,21,10,18,16,22,14,9,21,10,18,0
2412121,nan,nan,26,1,15,22,14,9,21,10,18,14,22,14,9,21,10,18,0
2414121,nan,nan,29,1,15,22,14,9,21,10,17,15,356,14,9,21,10,16,0
2416124,nan,nan,26,1,14,356,14,9,14,139,15,15,356,14,9,10,139,15,0
2418123,nan,nan,29,1,15,356,14,9,8,139,16,16,356,14,9,8,139,16,0
2420123,nan,nan,29,1,15,356,14,9,8,139,16,15,356,14,9,8,139,16,0
2422124,nan,nan,27,1,15,356,14,9,8,139,17,15,356,14,9,11,139,16,0
2424126,nan,nan,25,1,16,356,14,9,11,139,17,16,356,14,9,11,139,17,0
2426125,nan,nan,29,1,15,356,14,9,11,139,18,15,356,14,9,11,139,17,0
2428125,nan,nan,35,1,15,356,14,9,11,139,17,15,356,14,9,11,139,17,0
2430125,nan,nan,33,1,13,356,14,9,11,139,18,14,356,14,9,11,139,18,0
2432124,nan,nan,31,1,15,356,14,17,11,139,14,357,14,17,11,139,0,0,0
2434125,nan,nan,28,1,16,357,14,17,21,139,15,357,14,17,20,139,0,0,0
2436219,nan,nan,36,1,14,357,14,17,15,139,15,357,14,17,21,13,0,0,0
2438216,nan,nan,37,1,14,17,21,13,15,357,14,17,21,13,0,0,0,0,0
2440215,nan,nan,32,1,14,9,21,13,19,357,14,9,21,12,0,0,0,0,0
2442216,nan,nan,27,1,19,139,18,357,14,9,19,139,0,0,0,0,0,0,0
2444217,nan,nan,35,1,20,139,15,357,14,9,21,139,18,0,0,0,0,0,0
2446216,nan,nan,28,1,17,15,26,14,9,18,139,17,0,0,0,0,0,0,0
2448215,nan,nan,29,1,17,16,357,14,9,16,139,17,0,0,0,0,0,0,0
